5,Y,620002632,,,,,,,,,,,,,,,,,,,,,,,,,,,20200527,,,,20210331,
5,Y,620005535,,,,,,,,,,,,,,,,,,,,,,,,,,,20200527,,,,20210331,
3,Y,620318903,16,ニフェジピンＬ錠１０ｍｇ「杏林」,20,ﾆﾌｪｼﾞﾋﾟﾝLｼﾞｮｳ10MGｷｮｳ,16,1,錠,1,5.7,0,0,0,0,1,0,0,0,0,8,622727200,0,0,0,0,1,,20200527,99999999,2171014G1011,0,0,ニフェジピンＬ錠１０ｍｇ「杏林」
3,Y,620320403,16,ニフェジピンＬ錠２０ｍｇ「杏林」,20,ﾆﾌｪｼﾞﾋﾟﾝLｼﾞｮｳ20MGｷｮｳ,16,1,錠,1,5.9,0,0,0,0,1,0,0,0,0,8,622727300,0,0,0,0,1,,20200527,99999999,2171014G2018,0,0,ニフェジピンＬ錠２０ｍｇ「杏林」
3,Y,621371658,15,ドンペリドン錠１０ｍｇ「杏林」,20,ﾄﾞﾝﾍﾟﾘﾄﾞﾝｼﾞｮｳ10MGｷｮｳ,16,1,錠,1,5.9,0,0,0,0,1,0,0,0,0,8,622736200,0,0,0,0,1,,20200527,99999999,2399005F2015,0,0,ドンペリドン錠１０ｍｇ「杏林」
3,Y,621481404,17,ベラプロストＮａ錠２０μｇ「杏林」,20,ﾍﾞﾗﾌﾟﾛｽﾄNAｼﾞｮｳ20ﾏｲｸﾛ,16,1,錠,1,17.2,0,0,0,0,1,0,0,0,0,8,622739200,0,0,0,0,1,,20200527,99999999,3399005F1013,0,0,ベラプロストＮａ錠２０μｇ「杏林」
3,Y,621779405,16,プランルカストＤＳ１０％「杏林」,18,ﾌﾟﾗﾝﾙｶｽﾄDS10%ｷｮｳﾘﾝ,33,1,ｇ,1,31.5,0,0,0,0,1,0,0,0,0,0,0,0,0,0,0,1,,20200527,99999999,4490017R1220,0,0,プランルカストＤＳ１０％「杏林」
3,Y,621980203,14,ドンペリドン錠５ｍｇ「杏林」,20,ﾄﾞﾝﾍﾟﾘﾄﾞﾝｼﾞｮｳ5MGｷｮｳﾘ,16,1,錠,1,5.9,0,0,0,0,1,0,0,0,0,8,622736100,0,0,0,0,1,,20200527,99999999,2399005F1019,0,0,ドンペリドン錠５ｍｇ「杏林」
5,Y,622048801,,,,,,,,,,,,,,,,,,,,,,,,,,,20200527,,,,20210331,
3,Y,622048803,13,エバスチン錠５ｍｇ「杏林」,18,ｴﾊﾞｽﾁﾝｼﾞｮｳ5MGｷｮｳﾘﾝ,16,1,錠,1,23.3,0,0,0,0,1,0,0,0,0,1,0,0,0,0,0,1,,20200527,99999999,4490019F1184,0,0,エバスチン錠５ｍｇ「杏林」
5,Y,622048901,,,,,,,,,,,,,,,,,,,,,,,,,,,20200527,,,,20210331,
3,Y,622048903,14,エバスチン錠１０ｍｇ「杏林」,19,ｴﾊﾞｽﾁﾝｼﾞｮｳ10MGｷｮｳﾘﾝ,16,1,錠,1,32.4,0,0,0,0,1,0,0,0,0,1,0,0,0,0,0,1,,20200527,99999999,4490019F2180,0,0,エバスチン錠１０ｍｇ「杏林」
5,Y,622091501,,,,,,,,,,,,,,,,,,,,,,,,,,,20200527,,,,20210331,
3,Y,622091503,15,エバスチンＯＤ錠５ｍｇ「杏林」,20,ｴﾊﾞｽﾁﾝODｼﾞｮｳ5MGｷｮｳﾘﾝ,16,1,錠,1,23.3,0,0,0,0,1,0,0,0,0,1,0,0,0,0,0,1,,20200527,99999999,4490019F3187,0,0,エバスチンＯＤ錠５ｍｇ「杏林」
5,Y,622091601,,,,,,,,,,,,,,,,,,,,,,,,,,,20200527,,,,20210331,
3,Y,622091603,16,エバスチンＯＤ錠１０ｍｇ「杏林」,20,ｴﾊﾞｽﾁﾝODｼﾞｮｳ10MGｷｮｳﾘ,16,1,錠,1,32.4,0,0,0,0,1,0,0,0,0,1,0,0,0,0,0,1,,20200527,99999999,4490019F4183,0,0,エバスチンＯＤ錠１０ｍｇ「杏林」
3,Y,622703401,10,イブランス錠２５ｍｇ,14,ｲﾌﾞﾗﾝｽｼﾞｮｳ25MG,16,1,錠,1,5679.7,0,0,0,0,0,0,0,0,0,0,0,0,0,0,0,1,,20200527,99999999,4291051F1022,0,0,イブランス錠２５ｍｇ
3,Y,622703501,11,イブランス錠１２５ｍｇ,15,ｲﾌﾞﾗﾝｽｼﾞｮｳ125MG,16,1,錠,1,22978.1,0,0,0,0,0,0,0,0,0,0,0,0,0,0,0,1,,20200527,99999999,4291051F2029,0,0,イブランス錠１２５ｍｇ
3,Y,622703901,12,ディナゲスト錠０．５ｍｇ,17,ﾃﾞｨﾅｹﾞｽﾄｼﾞｮｳ0.5MG,16,1,錠,1,166.5,0,0,0,0,0,0,0,0,0,0,0,0,0,0,0,1,,20200527,99999999,2499010F3026,0,0,ディナゲスト錠０．５ｍｇ
5,Y,622736600,,,,,,,,,,,,,,,,,,,,,,,,,,,20200527,,,,20210331,
3,Y,622796501,19,ビムパット点滴静注１００ｍｇ　１０ｍＬ,20,ﾋﾞﾑﾊﾟｯﾄﾃﾝﾃｷｼﾞｮｳﾁｭｳ10,19,1,瓶,1,2459,0,0,0,0,0,0,0,0,0,0,0,0,0,0,0,4,,20200527,99999999,1139404A2020,0,0,ビムパット点滴静注１００ｍｇ
3,Y,622802501,20,アセトアミノフェン細粒２０％「マルイシ」,20,ｱｾﾄｱﾐﾉﾌｪﾝｻｲﾘｭｳ20%ﾏﾙｲ,33,1,ｇ,1,7.6,0,0,0,0,1,0,0,0,0,0,0,0,0,0,0,1,,20200527,99999999,1141007C1164,0,0,アセトアミノフェン細粒２０％「マルイシ」
3,Y,622815701,31,治療用ダニアレルゲンエキス皮下注トリイ１千ＪＡＵ／ｍＬ　２ｍＬ,20,ﾁﾘｮｳﾖｳﾀﾞﾆｱﾚﾙｹﾞﾝｴｷｽﾋｶ,19,1,瓶,1,4301,0,0,0,0,0,0,0,0,0,0,0,0,0,0,0,4,,20200527,99999999,4490404A1043,0,0,治療用ダニアレルゲンエキス皮下注「トリイ」１，０００ＪＡＵ／ｍＬ
3,Y,629906401,32,アイリーア硝子体内注射用キット４０ｍｇ／ｍＬ　２ｍｇ０．０５ｍＬ,20,ｱｲﾘｰｱｼｮｳｼﾀｲﾅｲﾁｭｳｼｬﾖｳ,47,1,筒,1,137292,0,0,0,0,0,0,0,0,0,0,0,0,0,0,0,4,,20200527,99999999,1319405G1020,0,0,アイリーア硝子体内注射用キット４０ｍｇ／ｍＬ
3,Y,629906501,18,ヌーカラ皮下注１００ｍｇペン　１ｍＬ,17,ﾇｰｶﾗﾋｶﾁｭｳ100MGﾍﾟﾝ,51,3,キット,1,179269,0,0,0,0,0,0,0,0,0,0,0,0,0,0,0,4,,20200527,99999999,2290401G2022,0,0,ヌーカラ皮下注１００ｍｇペン
3,Y,629906601,20,ヌーカラ皮下注１００ｍｇシリンジ　１ｍＬ,19,ﾇｰｶﾗﾋｶﾁｭｳ100MGｼﾘﾝｼﾞ,47,1,筒,1,179269,0,0,0,0,0,0,0,0,0,0,0,0,0,0,0,4,,20200527,99999999,2290401G1026,0,0,ヌーカラ皮下注１００ｍｇシリンジ
3,Y,629907301,30,インスリン　リスプロＢＳ注１００単位／ｍＬ　ＨＵ「サノフィ」,20,ｲﾝｽﾘﾝﾘｽﾌﾟﾛBSﾁｭｳ100ﾀﾝ,38,3,ｍＬＶ,1,194,0,0,0,0,1,0,0,0,0,0,0,0,0,0,0,4,,20200527,99999999,2492422A1020,0,0,インスリン　リスプロＢＳ注１００単位／ｍＬ　ＨＵ「サノフィ」
3,Y,629907401,31,インスリン　リスプロＢＳ注カート　ＨＵ「サノフィ」　３００単位,20,ｲﾝｽﾘﾝﾘｽﾌﾟﾛBSﾁｭｳｶｰﾄHU,47,1,筒,1,586,0,0,0,0,1,0,0,0,0,0,0,0,0,0,0,4,,20200527,99999999,2492422A2027,0,0,インスリン　リスプロＢＳ注カート　ＨＵ「サノフィ」
3,Y,629907501,32,インスリン　リスプロＢＳ注ソロスターＨＵ「サノフィ」　３００単位,20,ｲﾝｽﾘﾝﾘｽﾌﾟﾛBSﾁｭｳｿﾛｽﾀｰ,51,3,キット,1,1258,0,0,0,0,1,0,0,0,0,0,0,0,0,0,0,4,,20200527,99999999,2492422G1023,0,0,インスリン　リスプロＢＳ注ソロスター　ＨＵ「サノフィ」
3,Y,622803401,17,ロスバスタチン錠２．５ｍｇ「明治」,20,ﾛｽﾊﾞｽﾀﾁﾝｼﾞｮｳ2.5MGﾒｲｼ,16,1,錠,1,11.4,0,0,0,0,1,0,0,0,0,8,622692400,0,0,0,0,1,,20200601,99999999,2189017F1014,0,0,ロスバスタチン錠２．５ｍｇ「明治」
3,Y,622803501,15,ロスバスタチン錠５ｍｇ「明治」,19,ﾛｽﾊﾞｽﾀﾁﾝｼﾞｮｳ5MGﾒｲｼﾞ,16,1,錠,1,21.7,0,0,0,0,1,0,0,0,0,8,622692600,0,0,0,0,1,,20200601,99999999,2189017F2010,0,0,ロスバスタチン錠５ｍｇ「明治」
3,Y,622803601,19,ロスバスタチンＯＤ錠２．５ｍｇ「明治」,20,ﾛｽﾊﾞｽﾀﾁﾝODｼﾞｮｳ2.5MGﾒ,16,1,錠,1,11.4,0,0,0,0,1,0,0,0,0,8,622692500,0,0,0,0,1,,20200601,99999999,2189017F3017,0,0,ロスバスタチンＯＤ錠２．５ｍｇ「明治」
3,Y,622803701,17,ロスバスタチンＯＤ錠５ｍｇ「明治」,20,ﾛｽﾊﾞｽﾀﾁﾝODｼﾞｮｳ5MGﾒｲｼ,16,1,錠,1,21.7,0,0,0,0,1,0,0,0,0,8,622692700,0,0,0,0,1,,20200601,99999999,2189017F4013,0,0,ロスバスタチンＯＤ錠５ｍｇ「明治」
5,Y,610406290,,,,,,,,,,,,,,,,,,,,,,,,,,,,,,,,
5,Y,610422055,,,,,,,,,,,,,,,,,,,,,,,,,,,,,,,,
5,Y,610453025,,,,,,,,,,,,,,,,,,,,,,,,,,,,,,,,
5,Y,610453094,,,,,,,,,,,,,,,,,,,,,,,,,,,,,,,,
5,Y,610454027,,,,,,,,,,,,,,,,,,,,,,,,,,,,,,,,
5,Y,612390019,,,,,,,,,,,,,,,,,,,,,,,,,,,,,,,,
5,Y,613130519,,,,,,,,,,,,,,,,,,,,,,,,,,,,,,,,
5,Y,613130520,,,,,,,,,,,,,,,,,,,,,,,,,,,,,,,,
5,Y,613320103,,,,,,,,,,,,,,,,,,,,,,,,,,,,,,,,
5,Y,620000107,,,,,,,,,,,,,,,,,,,,,,,,,,,,,,,,
5,Y,620000108,,,,,,,,,,,,,,,,,,,,,,,,,,,,,,,,
5,Y,620000212,,,,,,,,,,,,,,,,,,,,,,,,,,,,,,,,
5,Y,620000213,,,,,,,,,,,,,,,,,,,,,,,,,,,,,,,,
5,Y,620002151,,,,,,,,,,,,,,,,,,,,,,,,,,,,,,,,
5,Y,620002436,,,,,,,,,,,,,,,,,,,,,,,,,,,,,,,,
5,Y,620002528,,,,,,,,,,,,,,,,,,,,,,,,,,,,,,,,
5,Y,620002634,,,,,,,,,,,,,,,,,,,,,,,,,,,,,,,,
5,Y,620002823,,,,,,,,,,,,,,,,,,,,,,,,,,,,,,,,
5,Y,620003613,,,,,,,,,,,,,,,,,,,,,,,,,,,,,,,,
5,Y,620003939,,,,,,,,,,,,,,,,,,,,,,,,,,,,,,,,
5,Y,620003991,,,,,,,,,,,,,,,,,,,,,,,,,,,,,,,,
5,Y,620004019,,,,,,,,,,,,,,,,,,,,,,,,,,,,,,,,
5,Y,620004275,,,,,,,,,,,,,,,,,,,,,,,,,,,,,,,,
5,Y,620004496,,,,,,,,,,,,,,,,,,,,,,,,,,,,,,,,
5,Y,620004550,,,,,,,,,,,,,,,,,,,,,,,,,,,,,,,,
5,Y,620004573,,,,,,,,,,,,,,,,,,,,,,,,,,,,,,,,
5,Y,620004646,,,,,,,,,,,,,,,,,,,,,,,,,,,,,,,,
5,Y,620004736,,,,,,,,,,,,,,,,,,,,,,,,,,,,,,,,
5,Y,620004737,,,,,,,,,,,,,,,,,,,,,,,,,,,,,,,,
5,Y,620004738,,,,,,,,,,,,,,,,,,,,,,,,,,,,,,,,
5,Y,620005687,,,,,,,,,,,,,,,,,,,,,,,,,,,,,,,,
5,Y,620005996,,,,,,,,,,,,,,,,,,,,,,,,,,,,,,,,
5,Y,620005997,,,,,,,,,,,,,,,,,,,,,,,,,,,,,,,,
5,Y,620006157,,,,,,,,,,,,,,,,,,,,,,,,,,,,,,,,
5,Y,620006228,,,,,,,,,,,,,,,,,,,,,,,,,,,,,,,,
5,Y,620006400,,,,,,,,,,,,,,,,,,,,,,,,,,,,,,,,
5,Y,620006402,,,,,,,,,,,,,,,,,,,,,,,,,,,,,,,,
5,Y,620006470,,,,,,,,,,,,,,,,,,,,,,,,,,,,,,,,
5,Y,620006471,,,,,,,,,,,,,,,,,,,,,,,,,,,,,,,,
5,Y,620006488,,,,,,,,,,,,,,,,,,,,,,,,,,,,,,,,
5,Y,620006829,,,,,,,,,,,,,,,,,,,,,,,,,,,,,,,,
5,Y,620006992,,,,,,,,,,,,,,,,,,,,,,,,,,,,,,,,
5,Y,620007155,,,,,,,,,,,,,,,,,,,,,,,,,,,,,,,,
5,Y,620007665,,,,,,,,,,,,,,,,,,,,,,,,,,,,,,,,
5,Y,620007667,,,,,,,,,,,,,,,,,,,,,,,,,,,,,,,,
5,Y,620008655,,,,,,,,,,,,,,,,,,,,,,,,,,,,,,,,
5,Y,620009071,,,,,,,,,,,,,,,,,,,,,,,,,,,,,,,,
3,Y,620046803,15,ブロマゼパム細粒１％「サンド」,20,ﾌﾞﾛﾏｾﾞﾊﾟﾑｻｲﾘｭｳ1%ｻﾝﾄﾞ,33,1,ｇ,1,20.9,0,5,0,0,1,0,0,0,0,8,622706500,0,0,0,0,1,,20200619,99999999,1124020C1010,0,0,ブロマゼパム細粒１％「サンド」
3,Y,620065201,21,バルプロ酸ナトリウム錠１００ｍｇ「ＤＳＰ」,20,ﾊﾞﾙﾌﾟﾛｻﾝﾅﾄﾘｳﾑｼﾞｮｳ100,16,1,錠,1,9.3,0,0,0,0,1,0,0,0,0,8,622709000,0,0,0,0,1,,20200619,99999999,1139004F1010,0,0,バルプロ酸ナトリウム錠１００ｍｇ「ＤＳＰ」
3,Y,620065901,21,バルプロ酸ナトリウム錠２００ｍｇ「ＤＳＰ」,20,ﾊﾞﾙﾌﾟﾛｻﾝﾅﾄﾘｳﾑｼﾞｮｳ200,16,1,錠,1,10.1,0,0,0,0,1,0,0,0,0,1,0,0,0,0,0,1,,20200619,99999999,1139004F2203,0,0,バルプロ酸ナトリウム錠２００ｍｇ「ＤＳＰ」
3,Y,620066601,21,バルプロ酸ナトリウムシロップ５％「ＤＳＰ」,20,ﾊﾞﾙﾌﾟﾛｻﾝﾅﾄﾘｳﾑｼﾛｯﾌﾟ5%,36,2,ｍＬ,1,6.8,0,0,0,0,1,0,0,0,0,1,0,0,0,0,0,1,,20200619,99999999,1139004Q1135,0,0,バルプロ酸ナトリウムシロップ５％「ＤＳＰ」
3,Y,620193003,18,エペリゾン塩酸塩錠５０ｍｇ「アメル」,20,ｴﾍﾟﾘｿﾞﾝｴﾝｻﾝｴﾝｼﾞｮｳ50M,16,1,錠,1,5.9,0,0,0,0,1,0,0,0,0,8,622717300,0,0,0,0,1,,20200619,99999999,1249009F1015,0,0,エペリゾン塩酸塩錠５０ｍｇ「アメル」
3,Y,620217201,29,ヒアルロン酸Ｎａ０．４眼粘弾剤１％「アルコン」　０．４ｍＬ,20,ﾋｱﾙﾛﾝｻﾝNA0.4ｶﾞﾝﾈﾝﾀﾞﾝ,47,1,筒,1,3310,0,0,0,0,1,0,0,0,0,8,622771400,0,0,0,0,6,,20200619,99999999,1319720Q1016,0,0,ヒアルロン酸Ｎａ０．４眼粘弾剤１％「アルコン」
3,Y,620217702,31,ヒアルロン酸Ｎａ０．５眼粘弾剤１％ＭＶ「センジュ」　０．５ｍＬ,20,ﾋｱﾙﾛﾝｻﾝNA0.5ｶﾞﾝﾈﾝﾀﾞﾝ,47,1,筒,1,4551.2,0,0,0,0,1,0,0,0,0,8,622771500,0,0,0,0,6,,20200619,99999999,1319720Q2012,0,0,ヒアルロン酸Ｎａ０．５眼粘弾剤１％ＭＶ「センジュ」
3,Y,620218601,29,ヒアルロン酸Ｎａ０．７眼粘弾剤１％「アルコン」　０．７ｍＬ,20,ﾋｱﾙﾛﾝｻﾝNA0.7ｶﾞﾝﾈﾝﾀﾞﾝ,47,1,筒,1,2187.8,0,0,0,0,1,0,0,0,0,8,622771700,0,0,0,0,6,,20200619,99999999,1319720Q6018,0,0,ヒアルロン酸Ｎａ０．７眼粘弾剤１％「アルコン」
3,Y,620219002,31,ヒアルロン酸Ｎａ０．６眼粘弾剤１％ＭＶ「センジュ」　０．６ｍＬ,20,ﾋｱﾙﾛﾝｻﾝNA0.6ｶﾞﾝﾈﾝﾀﾞﾝ,47,1,筒,1,5220.2,0,0,0,0,1,0,0,0,0,0,0,0,0,0,0,6,,20200619,99999999,1319720Q7243,0,0,ヒアルロン酸Ｎａ０．６眼粘弾剤１％ＭＶ「センジュ」
3,Y,620221703,21,ノルフロキサシン点眼液０．３％「ツルハラ」,20,ﾉﾙﾌﾛｷｻｼﾝﾃﾝｶﾞﾝｴｷ0.3%ﾂ,36,2,ｍＬ,1,46.5,0,0,0,0,0,0,0,0,0,8,622619900,0,0,0,0,6,,20200619,99999999,1319727Q1018,0,0,ノルフロキサシン点眼液０．３％「ツルハラ」
3,Y,620223402,30,ケトチフェン点眼液０．０５％「ツルハラ」　３．４５ｍｇ５ｍＬ,20,ｹﾄﾁﾌｪﾝﾃﾝｶﾞﾝｴｷ0.05%ﾂﾙ,19,1,瓶,1,142.8,0,0,0,0,1,0,0,0,0,8,620003464,0,0,0,0,6,,20200619,99999999,1319730Q1010,0,0,ケトチフェン点眼液０．０５％「ツルハラ」
3,Y,620230502,29,ベクロメタゾン点鼻液５０μｇ「ＣＥＯ」　８．５ｍｇ８．５ｇ,20,ﾍﾞｸﾛﾒﾀｿﾞﾝﾃﾝﾋﾞｴｷ50ﾏｲｸ,19,1,瓶,1,410.6,0,0,0,0,1,0,0,0,0,8,622772800,0,0,0,0,6,,20200619,99999999,1329702R3012,0,0,ベクロメタゾン点鼻液５０μｇ「ＣＥＯ」
3,Y,620232602,31,ケトチフェン点鼻液０．０５％「ツルハラ」　６．０４８ｍｇ８ｍＬ,20,ｹﾄﾁﾌｪﾝﾃﾝﾋﾞｴｷ0.05%ﾂﾙﾊ,19,1,瓶,1,283.2,0,0,0,0,1,0,0,0,0,8,622773100,0,0,0,0,6,,20200619,99999999,1329705Q1018,0,0,ケトチフェン点鼻液０．０５％「ツルハラ」
3,Y,620244702,26,ドパミン塩酸塩点滴静注１００ｍｇ「ツルハラ」　５ｍＬ,20,ﾄﾞﾊﾟﾐﾝｴﾝｻﾝｴﾝﾃﾝﾃｷｼﾞｮｳ,22,1,管,1,97,0,0,0,0,1,0,0,0,0,8,640461008,0,0,0,0,4,,20200619,99999999,2119402A1019,0,0,ドパミン塩酸塩点滴静注１００ｍｇ「ツルハラ」
3,Y,620315603,22,硝酸イソソルビド徐放カプセル２０ｍｇ「Ｓｔ」,20,ｼｮｳｻﾝｲｿｿﾙﾋﾞﾄﾞｼﾞｮﾎｳｶﾌ,15,4,カプセル,1,5.9,0,0,0,0,1,0,0,0,0,8,622726800,0,0,0,0,1,,20200619,99999999,2171011N1017,0,0,硝酸イソソルビド徐放カプセル２０ｍｇ「Ｓｔ」
3,Y,620339603,22,ベザフィブラート徐放錠２００ｍｇ「武田テバ」,20,ﾍﾞｻﾞﾌｨﾌﾞﾗｰﾄｼﾞｮﾎｳｼﾞｮｳ,16,1,錠,1,10.1,0,0,0,0,1,0,0,0,0,8,622728600,0,0,0,0,1,,20200619,99999999,2183005G1013,0,0,ベザフィブラート徐放錠２００ｍｇ「武田テバ」
3,Y,620341102,22,ベザフィブラート徐放錠１００ｍｇ「武田テバ」,20,ﾍﾞｻﾞﾌｨﾌﾞﾗｰﾄｼﾞｮﾎｳｼﾞｮｳ,16,1,錠,1,10.1,0,0,0,0,1,0,0,0,0,8,622728700,0,0,0,0,1,,20200619,99999999,2183005G2010,0,0,ベザフィブラート徐放錠１００ｍｇ「武田テバ」
3,Y,620361409,28,アルプロスタジルアルファデクス注射用２０μｇ「武田テバ」,20,ｱﾙﾌﾟﾛｽﾀｼﾞﾙｱﾙﾌｧﾃﾞｸｽﾁｭ,22,1,管,1,342,0,0,0,0,1,0,0,0,0,8,622753200,0,0,0,0,4,,20200619,99999999,2190402D1010,0,0,アルプロスタジルアルファデクス注射用２０μｇ「武田テバ」
3,Y,620398005,22,テオフィリン徐放カプセル１００ｍｇ「サンド」,20,ﾃｵﾌｨﾘﾝｼﾞｮﾎｳｶﾌﾟｾﾙ100M,15,4,カプセル,1,10.3,0,0,0,0,0,0,0,0,0,0,0,0,0,0,0,1,,20200619,99999999,2251001M1061,0,0,テオフィリン徐放カプセル１００ｍｇ「サンド」
3,Y,620398205,22,テオフィリン徐放カプセル２００ｍｇ「サンド」,20,ﾃｵﾌｨﾘﾝｼﾞｮﾎｳｶﾌﾟｾﾙ200M,15,4,カプセル,1,15.4,0,0,0,0,0,0,0,0,0,0,0,0,0,0,0,1,,20200619,99999999,2251001M2050,0,0,テオフィリン徐放カプセル２００ｍｇ「サンド」
3,Y,620401201,27,フェノテロール臭化水素酸塩ＤＳ小児用０．５％「タカタ」,20,ﾌｪﾉﾃﾛｰﾙｼｭｳｶｽｲｿｻﾝｴﾝDS,33,1,ｇ,1,38.4,0,0,0,0,1,0,0,0,0,0,0,0,0,0,0,1,,20200619,99999999,2252006R2057,0,0,フェノテロール臭化水素酸塩ＤＳ小児用０．５％「タカタ」
3,Y,620414701,19,ポビドンヨードガーグル液７％「イワキ」,20,ﾎﾟﾋﾞﾄﾞﾝﾖｰﾄﾞｶﾞｰｸﾞﾙｴｷ7,36,2,ｍＬ,1,2.2,0,0,0,0,1,0,0,0,0,0,0,0,0,0,0,6,,20200619,99999999,2260701F1425,0,0,ポビドンヨードガーグル液７％「イワキ」
3,Y,620424901,17,ロペラミド塩酸塩錠１ｍｇ「あすか」,20,ﾛﾍﾟﾗﾐﾄﾞｴﾝｻﾝｴﾝｼﾞｮｳ1MG,16,1,錠,1,41,0,0,0,0,0,0,0,0,0,0,0,0,0,0,0,1,,20200619,99999999,2319001F1060,0,0,ロペラミド塩酸塩錠１ｍｇ「あすか」
5,Y,620483301,,,,,,,,,,,,,,,,,,,,,,,,,,,20200619,,,,20210331,
3,Y,620483302,17,グリセリン浣腸液５０％「ケンエー」,20,ｸﾞﾘｾﾘﾝｶﾝﾁｮｳｴｷ50%ｹﾝｴｰ,36,2,ｍＬ,1,1.01,0,0,0,0,1,0,0,0,0,0,0,0,0,0,0,6,,20200619,99999999,2357701K1121,0,0,グリセリン浣腸液５０％「ケンエー」
5,Y,620483801,,,,,,,,,,,,,,,,,,,,,,,,,,,20200619,,,,20210331,
3,Y,620483802,22,グリセリン浣腸液５０％「ケンエー」　３０ｍＬ,20,ｸﾞﾘｾﾘﾝｶﾝﾁｮｳｴｷ50%ｹﾝｴｰ,10,1,個,1,100.1,0,0,0,0,0,0,0,0,0,0,0,0,0,0,0,6,,20200619,99999999,2357701K3140,0,0,グリセリン浣腸液５０％「ケンエー」
5,Y,620484401,,,,,,,,,,,,,,,,,,,,,,,,,,,20200619,,,,20210331,
3,Y,620484402,22,グリセリン浣腸液５０％「ケンエー」　４０ｍＬ,20,ｸﾞﾘｾﾘﾝｶﾝﾁｮｳｴｷ50%ｹﾝｴｰ,10,1,個,1,107.7,0,0,0,0,0,0,0,0,0,0,0,0,0,0,0,6,,20200619,99999999,2357701K4112,0,0,グリセリン浣腸液５０％「ケンエー」
5,Y,620484701,,,,,,,,,,,,,,,,,,,,,,,,,,,20200619,,,,20210331,
3,Y,620484702,22,グリセリン浣腸液５０％「ケンエー」　５０ｍＬ,20,ｸﾞﾘｾﾘﾝｶﾝﾁｮｳｴｷ50%ｹﾝｴｰ,10,1,個,1,107.7,0,0,0,0,0,0,0,0,0,0,0,0,0,0,0,6,,20200619,99999999,2357701K5046,0,0,グリセリン浣腸液５０％「ケンエー」
5,Y,620485301,,,,,,,,,,,,,,,,,,,,,,,,,,,20200619,,,,20210331,
3,Y,620485302,22,グリセリン浣腸液５０％「ケンエー」　６０ｍＬ,20,ｸﾞﾘｾﾘﾝｶﾝﾁｮｳｴｷ50%ｹﾝｴｰ,10,1,個,1,107.7,0,0,0,0,0,0,0,0,0,0,0,0,0,0,0,6,,20200619,99999999,2357701K6239,0,0,グリセリン浣腸液５０％「ケンエー」
5,Y,620486401,,,,,,,,,,,,,,,,,,,,,,,,,,,20200619,,,,20210331,
3,Y,620486402,23,グリセリン浣腸液５０％「ケンエー」　１２０ｍＬ,20,ｸﾞﾘｾﾘﾝｶﾝﾁｮｳｴｷ50%ｹﾝｴｰ,10,1,個,1,140.6,0,0,0,0,0,0,0,0,0,0,0,0,0,0,0,6,,20200619,99999999,2357701K8193,0,0,グリセリン浣腸液５０％「ケンエー」
5,Y,620487401,,,,,,,,,,,,,,,,,,,,,,,,,,,20200619,,,,20210331,
3,Y,620487402,23,グリセリン浣腸液５０％「ケンエー」　１５０ｍＬ,20,ｸﾞﾘｾﾘﾝｶﾝﾁｮｳｴｷ50%ｹﾝｴｰ,10,1,個,1,166.9,0,0,0,0,0,0,0,0,0,0,0,0,0,0,0,6,,20200619,99999999,2357701K9181,0,0,グリセリン浣腸液５０％「ケンエー」
5,Y,620487801,,,,,,,,,,,,,,,,,,,,,,,,,,,20200619,,,,20210331,
3,Y,620487802,22,グリセリン浣腸液５０％「ケンエー」　９０ｍＬ,20,ｸﾞﾘｾﾘﾝｶﾝﾁｮｳｴｷ50%ｹﾝｴｰ,10,1,個,1,111,0,0,0,0,0,0,0,0,0,0,0,0,0,0,0,6,,20200619,99999999,2357701Y1043,0,0,グリセリン浣腸液５０％「ケンエー」
3,Y,620500302,17,メトクロプラミド錠５ｍｇ「あすか」,20,ﾒﾄｸﾛﾌﾟﾗﾐﾄﾞｼﾞｮｳ5MGｱｽｶ,16,1,錠,1,5.7,0,0,0,0,1,0,0,0,0,1,0,0,0,0,0,1,,20200619,99999999,2399004F1278,0,0,メトクロプラミド錠５ｍｇ「あすか」
3,Y,620501202,18,メトクロプラミド錠１０ｍｇ「あすか」,20,ﾒﾄｸﾛﾌﾟﾗﾐﾄﾞｼﾞｮｳ10MGｱｽ,16,1,錠,1,6.1,0,0,0,0,1,0,0,0,0,1,0,0,0,0,0,1,,20200619,99999999,2399004F2045,0,0,メトクロプラミド錠１０ｍｇ「あすか」
3,Y,620536801,24,クロルマジノン酢酸エステル錠２５ｍｇ「ＮＳＫＫ」,20,ｸﾛﾙﾏｼﾞﾉﾝｻｸｻﾝｴｽﾃﾙｼﾞｮｳ,16,1,錠,1,59.3,0,0,0,0,0,0,0,0,0,0,0,0,0,0,0,1,,20200619,99999999,2478001F2403,0,0,クロルマジノン酢酸エステル錠２５ｍｇ「ＮＳＫＫ」
5,Y,620537302,,,,,,,,,,,,,,,,,,,,,,,,,,,20200527,,,,20210331,
3,Y,620544703,17,カリジノゲナーゼ錠５０単位「三笠」,20,ｶﾘｼﾞﾉｹﾞﾅｰｾﾞｼﾞｮｳ50ﾀﾝｲ,16,1,錠,1,5.9,0,0,0,0,1,0,0,0,0,0,0,0,0,0,0,1,,20200619,99999999,2491001F6257,0,0,カリジノゲナーゼ錠５０単位「三笠」
3,Y,620564918,16,リトドリン塩酸塩錠５ｍｇ「ＹＤ」,20,ﾘﾄﾄﾞﾘﾝｴﾝｻﾝｴﾝｼﾞｮｳ5MGY,16,1,錠,1,14,0,0,0,0,1,0,0,0,0,8,610461096,0,0,0,0,1,,20200619,99999999,2590004F1010,0,0,リトドリン塩酸塩錠５ｍｇ「ＹＤ」
3,Y,620571001,21,ポビドンヨードスクラブ液７．５％「イワキ」,20,ﾎﾟﾋﾞﾄﾞﾝﾖｰﾄﾞｽｸﾗﾌﾞｴｷ7.,36,2,ｍＬ,1,2.02,0,0,0,0,1,0,0,0,0,0,0,0,0,0,0,6,,20200619,99999999,2612701Q1153,0,0,ポビドンヨードスクラブ液７．５％「イワキ」
3,Y,620571401,17,ポビドンヨードゲル１０％「イワキ」,20,ﾎﾟﾋﾞﾄﾞﾝﾖｰﾄﾞｹﾞﾙ10%ｲﾜｷ,33,1,ｇ,1,3.95,0,0,0,0,1,0,0,0,0,0,0,0,0,0,0,6,,20200619,99999999,2612701Q2141,0,0,ポビドンヨードゲル１０％「イワキ」
3,Y,620575301,20,イソプロパノール消毒液５０％「ケンエー」,20,ｲｿﾌﾟﾛﾊﾟﾉｰﾙｼｮｳﾄﾞｸｴｷ50,36,2,ｍＬ,1,0.39,0,0,1,0,0,0,0,0,0,8,622775300,0,0,0,0,6,,20200619,99999999,2615701Q1015,0,0,イソプロパノール消毒液５０％「ケンエー」
3,Y,620576402,18,イソプロパノール消毒液５０％「東豊」,20,ｲｿﾌﾟﾛﾊﾟﾉｰﾙｼｮｳﾄﾞｸｴｷ50,36,2,ｍＬ,1,0.39,0,0,1,0,0,0,0,0,0,8,622775300,0,0,0,0,6,,20200619,99999999,2615701Q1015,0,0,イソプロパノール消毒液５０％「東豊」
3,Y,620578301,20,イソプロパノール消毒液７０％「ケンエー」,20,ｲｿﾌﾟﾛﾊﾟﾉｰﾙｼｮｳﾄﾞｸｴｷ70,36,2,ｍＬ,1,0.45,0,0,1,0,0,0,0,0,0,8,622775400,0,0,0,0,6,,20200619,99999999,2615701Q2011,0,0,イソプロパノール消毒液７０％「ケンエー」
3,Y,620605402,25,ベタメタゾン吉草酸エステル軟膏０．１２％「イワキ」,20,ﾍﾞﾀﾒﾀｿﾞﾝｷﾂｿｳｻﾝｴｽﾃﾙﾅﾝ,33,1,ｇ,1,6.2,0,0,0,0,1,0,0,0,0,8,622332200,0,0,0,0,6,,20200619,99999999,2646701M2016,0,0,ベタメタゾン吉草酸エステル軟膏０．１２％「イワキ」
5,Y,620606901,,,,,,,,,,,,,,,,,,,,,,,,,,,20200619,,,,20210331,
3,Y,620606902,30,ベタメタゾンジプロピオン酸エステル軟膏０．０６４％「サトウ」,20,ﾍﾞﾀﾒﾀｿﾞﾝｼﾞﾌﾟﾛﾋﾟｵﾝｻﾝｴ,33,1,ｇ,1,9.5,0,0,0,0,1,0,0,0,0,0,0,0,0,0,0,6,,20200619,99999999,2646703M1191,0,0,ベタメタゾンジプロピオン酸エステル軟膏０．０６４％「サトウ」
5,Y,620607601,,,,,,,,,,,,,,,,,,,,,,,,,,,20200619,,,,20210331,
3,Y,620607602,32,ベタメタゾンジプロピオン酸エステルクリーム０．０６４％「サトウ」,20,ﾍﾞﾀﾒﾀｿﾞﾝｼﾞﾌﾟﾛﾋﾟｵﾝｻﾝｴ,33,1,ｇ,1,9.5,0,0,0,0,1,0,0,0,0,0,0,0,0,0,0,6,,20200619,99999999,2646703N1162,0,0,ベタメタゾンジプロピオン酸エステルクリーム０．０６４％「サトウ」
3,Y,620615910,30,クロベタゾールプロピオン酸エステル軟膏０．０５％「ラクール」,20,ｸﾛﾍﾞﾀｿﾞｰﾙﾌﾟﾛﾋﾟｵﾝｻﾝｴｽ,33,1,ｇ,1,9,0,0,0,0,1,0,0,0,0,8,622776300,0,0,0,0,6,,20200619,99999999,2646713M1012,0,0,クロベタゾールプロピオン酸エステル軟膏０．０５％「ラクール」
3,Y,620616101,28,クロベタゾールプロピオン酸エステル軟膏０．０５％「久光」,20,ｸﾛﾍﾞﾀｿﾞｰﾙﾌﾟﾛﾋﾟｵﾝｻﾝｴｽ,33,1,ｇ,1,19.7,0,0,0,0,1,0,0,0,0,0,0,0,0,0,0,6,,20200619,99999999,2646713M1225,0,0,クロベタゾールプロピオン酸エステル軟膏０．０５％「久光」
3,Y,620616611,32,クロベタゾールプロピオン酸エステルクリーム０．０５％「ラクール」,20,ｸﾛﾍﾞﾀｿﾞｰﾙﾌﾟﾛﾋﾟｵﾝｻﾝｴｽ,33,1,ｇ,1,9,0,0,0,0,1,0,0,0,0,8,622776400,0,0,0,0,6,,20200619,99999999,2646713N1018,0,0,クロベタゾールプロピオン酸エステルクリーム０．０５％「ラクール」
3,Y,620617101,30,クロベタゾールプロピオン酸エステルクリーム０．０５％「久光」,20,ｸﾛﾍﾞﾀｿﾞｰﾙﾌﾟﾛﾋﾟｵﾝｻﾝｴｽ,33,1,ｇ,1,19.7,0,0,0,0,1,0,0,0,0,0,0,0,0,0,0,6,,20200619,99999999,2646713N1190,0,0,クロベタゾールプロピオン酸エステルクリーム０．０５％「久光」
3,Y,620617402,31,クロベタゾールプロピオン酸エステルローション０．０５％ラクール,20,ｸﾛﾍﾞﾀｿﾞｰﾙﾌﾟﾛﾋﾟｵﾝｻﾝｴｽ,33,1,ｇ,1,10.2,0,0,0,0,1,0,0,0,0,0,0,0,0,0,0,6,,20200619,99999999,2646713Q1154,0,0,クロベタゾールプロピオン酸エステルローション０．０５％「ラクール」
3,Y,620625701,21,ジフルプレドナート軟膏０．０５％「イワキ」,20,ｼﾞﾌﾙﾌﾟﾚﾄﾞﾅｰﾄﾅﾝｺｳ0.05,33,1,ｇ,1,6.8,0,0,0,0,1,0,0,0,0,8,622777300,0,0,0,0,6,,20200619,99999999,2646725M1015,0,0,ジフルプレドナート軟膏０．０５％「イワキ」
3,Y,620626501,23,ジフルプレドナートクリーム０．０５％「イワキ」,20,ｼﾞﾌﾙﾌﾟﾚﾄﾞﾅｰﾄｸﾘｰﾑ0.05,33,1,ｇ,1,6.8,0,0,0,0,1,0,0,0,0,8,622777400,0,0,0,0,6,,20200619,99999999,2646725N1010,0,0,ジフルプレドナートクリーム０．０５％「イワキ」
3,Y,620627001,24,ジフルプレドナートローション０．０５％「イワキ」,20,ｼﾞﾌﾙﾌﾟﾚﾄﾞﾅｰﾄﾛｰｼｮﾝ0.0,33,1,ｇ,1,6.8,0,0,0,0,1,0,0,0,0,8,622777500,0,0,0,0,6,,20200619,99999999,2646725Q1017,0,0,ジフルプレドナートローション０．０５％「イワキ」
5,Y,620666701,,,,,,,,,,,,,,,,,,,,,,,,,,,20200619,,,,20210331,
3,Y,620666705,19,カルプロニウム塩化物外用液５％「ＣＨ」,20,ｶﾙﾌﾟﾛﾆｳﾑｴﾝｶﾌﾞﾂｶﾞｲﾖｳｴ,36,2,ｍＬ,1,11.4,0,0,0,0,1,0,0,0,0,0,0,0,0,0,0,6,,20200619,99999999,2679701Q1080,0,0,カルプロニウム塩化物外用液５％「ＣＨ」
3,Y,620699501,17,パンテノール注１００ｍｇ「ＫＣＣ」,18,ﾊﾟﾝﾃﾉｰﾙﾁｭｳ100MGKCC,22,1,管,1,57,0,0,0,0,1,0,0,0,0,0,0,0,0,0,0,4,,20200619,99999999,3133401A1069,0,0,パンテノール注１００ｍｇ「ＫＣＣ」
3,Y,620699802,17,パンテノール注２５０ｍｇ「ＫＣＣ」,18,ﾊﾟﾝﾃﾉｰﾙﾁｭｳ250MGKCC,22,1,管,1,57,0,0,0,0,1,0,0,0,0,0,0,0,0,0,0,4,,20200619,99999999,3133401A2057,0,0,パンテノール注２５０ｍｇ「ＫＣＣ」
3,Y,620700102,17,パンテノール注５００ｍｇ「ＫＣＣ」,18,ﾊﾟﾝﾃﾉｰﾙﾁｭｳ500MGKCC,22,1,管,1,57,0,0,0,0,1,0,0,0,0,0,0,0,0,0,0,4,,20200619,99999999,3133401A3061,0,0,パンテノール注５００ｍｇ「ＫＣＣ」
3,Y,620708408,24,メコバラミン錠２５０μｇ「日医工」　０．２５ｍｇ,20,ﾒｺﾊﾞﾗﾐﾝｼﾞｮｳ250ﾏｲｸﾛGﾆ,16,1,錠,1,5.7,0,0,0,0,1,0,0,0,0,1,0,0,0,0,0,1,,20200619,99999999,3136004F1107,0,0,メコバラミン錠２５０μｇ「日医工」
3,Y,620708622,23,メコバラミン錠５００μｇ「日医工」　０．５ｍｇ,20,ﾒｺﾊﾞﾗﾐﾝｼﾞｮｳ500ﾏｲｸﾛGﾆ,16,1,錠,1,5.7,0,0,0,0,1,0,0,0,0,1,0,0,0,0,0,1,,20200619,99999999,3136004F2308,0,0,メコバラミン錠５００μｇ「日医工」
3,Y,620731101,18,塩化カリウム徐放錠６００ｍｇ「Ｓｔ」,20,ｴﾝｶｶﾘｳﾑｼﾞｮﾎｳｼﾞｮｳ600M,16,1,錠,1,6.8,0,0,0,0,0,0,0,0,0,8,622738300,0,0,0,0,1,,20200619,99999999,3229002G1015,0,0,塩化カリウム徐放錠６００ｍｇ「Ｓｔ」
3,Y,620793801,14,アクメインＤ輸液　５００ｍＬ,9,ｱｸﾒｲﾝDﾕｴｷ,19,1,瓶,1,189,0,0,0,0,0,0,0,0,500,8,622757600,0,0,0,0,4,,20200619,99999999,3319551A2012,0,0,アクメインＤ輸液
3,Y,620798701,24,カルバゾクロムスルホン酸Ｎａ錠３０ｍｇ「あすか」,20,ｶﾙﾊﾞｿﾞｸﾛﾑｽﾙﾎﾝｻﾝNAｼﾞｮ,16,1,錠,1,5.9,0,0,0,0,1,0,0,0,0,0,0,0,0,0,0,1,,20200619,99999999,3321002F2455,0,0,カルバゾクロムスルホン酸Ｎａ錠３０ｍｇ「あすか」
3,Y,620807601,22,トラネキサム酸カプセル２５０ｍｇ「ＮＳＫＫ」,20,ﾄﾗﾈｷｻﾑｻﾝｶﾌﾟｾﾙ250MGNS,15,4,カプセル,1,10.1,0,0,0,0,1,0,0,0,0,1,0,0,0,0,0,1,,20200619,99999999,3327002M1311,0,0,トラネキサム酸カプセル２５０ｍｇ「ＮＳＫＫ」
3,Y,620807901,21,トラネキサム酸カプセル２５０ｍｇ「旭化成」,20,ﾄﾗﾈｷｻﾑｻﾝｶﾌﾟｾﾙ250MGｱｻ,15,4,カプセル,1,10.1,0,0,0,0,1,0,0,0,0,1,0,0,0,0,0,1,,20200619,99999999,3327002M1320,0,0,トラネキサム酸カプセル２５０ｍｇ「旭化成」
3,Y,620814505,21,チクロピジン塩酸塩錠１００ｍｇ「ツルハラ」,20,ﾁｸﾛﾋﾟｼﾞﾝｴﾝｻﾝｴﾝｼﾞｮｳ10,16,1,錠,1,5.9,0,0,0,0,1,0,0,0,0,8,610461073,0,0,0,0,1,,20200619,99999999,3399001F1015,0,0,チクロピジン塩酸塩錠１００ｍｇ「ツルハラ」
3,Y,620816301,25,イコサペント酸エチルカプセル３００ｍｇ「日本臓器」,20,ｲｺｻﾍﾟﾝﾄｻﾝｴﾁﾙｶﾌﾟｾﾙ300,15,4,カプセル,1,21.6,0,0,0,0,1,0,0,0,0,1,0,0,0,0,0,1,,20200619,99999999,3399004M1433,0,0,イコサペント酸エチルカプセル３００ｍｇ「日本臓器」
3,Y,620856218,18,アロプリノール錠１００ｍｇ「ＡＦＰ」,20,ｱﾛﾌﾟﾘﾉｰﾙｼﾞｮｳ100MGAFP,16,1,錠,1,7.8,0,0,0,0,1,0,0,0,0,8,622310800,0,0,0,0,1,,20200619,99999999,3943001F1012,0,0,アロプリノール錠１００ｍｇ「ＡＦＰ」
3,Y,620856601,18,アロプリノール錠１００ｍｇ「ＤＳＰ」,20,ｱﾛﾌﾟﾘﾉｰﾙｼﾞｮｳ100MGDSP,16,1,錠,1,10.1,0,0,0,0,1,0,0,0,0,1,0,0,0,0,0,1,,20200619,99999999,3943001F1691,0,0,アロプリノール錠１００ｍｇ「ＤＳＰ」
3,Y,620939908,15,クレマスチン錠１ｍｇ「タカタ」,16,ｸﾚﾏｽﾁﾝｼﾞｮｳ1MGﾀｶﾀ,16,1,錠,1,5.1,0,0,0,0,1,0,0,0,0,8,622742800,0,0,0,0,1,,20200619,99999999,4419008F1016,0,0,クレマスチン錠１ｍｇ「タカタ」
5,Y,620940901,,,,,,,,,,,,,,,,,,,,,,,,,,,20200619,,,,20210331,
3,Y,620940902,22,クレマスチンドライシロップ０．１％「あゆみ」,20,ｸﾚﾏｽﾁﾝﾄﾞﾗｲｼﾛｯﾌﾟ0.1%ｱ,33,1,ｇ,1,8.3,0,0,0,0,1,0,0,0,0,0,0,0,0,0,0,1,,20200619,99999999,4419008R1128,0,0,クレマスチンドライシロップ０．１％「あゆみ」
3,Y,620941001,17,クレマスチンＤＳ０．１％「タカタ」,15,ｸﾚﾏｽﾁﾝDS0.1%ﾀｶﾀ,33,1,ｇ,1,8.3,0,0,0,0,1,0,0,0,0,0,0,0,0,0,0,1,,20200619,99999999,4419008R1136,0,0,クレマスチンＤＳ０．１％「タカタ」
3,Y,620945017,19,ケトチフェンカプセル１ｍｇ「ツルハラ」,18,ｹﾄﾁﾌｪﾝｶﾌﾟｾﾙ1MGﾂﾙﾊﾗ,15,4,カプセル,1,5.9,0,0,0,0,1,0,0,0,0,8,610461232,0,0,0,0,1,,20200619,99999999,4490003M1018,0,0,ケトチフェンカプセル１ｍｇ「ツルハラ」
3,Y,620946218,21,ケトチフェンＤＳ小児用０．１％「ツルハラ」,20,ｹﾄﾁﾌｪﾝDSｼｮｳﾆﾖｳ0.1%ﾂﾙ,33,1,ｇ,1,6.5,0,0,0,0,1,0,0,0,0,8,610461231,0,0,0,0,1,,20200619,99999999,4490003R1015,0,0,ケトチフェンＤＳ小児用０．１％「ツルハラ」
3,Y,621072701,23,アモキシシリン細粒２０％「ＴＣＫ」　２００ｍｇ,18,ｱﾓｷｼｼﾘﾝｻｲﾘｭｳ20%TCK,33,1,ｇ,1,12.4,0,0,0,0,1,0,0,0,0,8,622745200,0,0,0,0,1,,20200619,99999999,6131001C2011,0,0,アモキシシリン細粒２０％「ＴＣＫ」
3,Y,621073704,21,アモキシシリンカプセル２５０ｍｇ「ＴＣＫ」,20,ｱﾓｷｼｼﾘﾝｶﾌﾟｾﾙ250MGTCK,15,4,カプセル,1,10.1,0,0,0,0,1,0,0,0,0,1,0,0,0,0,0,1,,20200619,99999999,6131001M2351,0,0,アモキシシリンカプセル２５０ｍｇ「ＴＣＫ」
3,Y,621183402,26,イオパミドール３００注５０ｍＬ「ＦＦ」　６１．２４％,20,ｲｵﾊﾟﾐﾄﾞｰﾙ300ﾁｭｳ50MLF,19,1,瓶,1,1819,0,0,0,0,1,0,0,1,50,8,622765700,0,0,0,0,4,,20200619,99999999,7219412A2017,0,0,イオパミドール３００注５０ｍＬ「ＦＦ」
3,Y,621183802,27,イオパミドール３００注１００ｍＬ「ＦＦ」　６１．２４％,20,ｲｵﾊﾟﾐﾄﾞｰﾙ300ﾁｭｳ100ML,19,1,瓶,1,3503,0,0,0,0,1,0,0,1,100,8,622765800,0,0,0,0,4,,20200619,99999999,7219412A3013,0,0,イオパミドール３００注１００ｍＬ「ＦＦ」
3,Y,621184202,26,イオパミドール３７０注５０ｍＬ「ＦＦ」　７５．５２％,20,ｲｵﾊﾟﾐﾄﾞｰﾙ370ﾁｭｳ50MLF,19,1,瓶,1,1865,0,0,0,0,1,0,0,1,50,8,622765900,0,0,0,0,4,,20200619,99999999,7219412A5016,0,0,イオパミドール３７０注５０ｍＬ「ＦＦ」
3,Y,621184602,27,イオパミドール３７０注１００ｍＬ「ＦＦ」　７５．５２％,20,ｲｵﾊﾟﾐﾄﾞｰﾙ370ﾁｭｳ100ML,19,1,瓶,1,3402,0,0,0,0,1,0,0,1,100,8,622766000,0,0,0,0,4,,20200619,99999999,7219412A6012,0,0,イオパミドール３７０注１００ｍＬ「ＦＦ」
3,Y,621185802,31,イオパミドール３００注シリンジ１００ｍＬ「ＦＦ」　６１．２４％,20,ｲｵﾊﾟﾐﾄﾞｰﾙ300ﾁｭｳｼﾘﾝｼﾞ,47,1,筒,1,3646,0,0,0,0,1,0,0,1,100,8,622766400,0,0,0,0,4,,20200619,99999999,7219412G1013,0,0,イオパミドール３００注シリンジ１００ｍＬ「ＦＦ」
3,Y,621243501,23,エナラプリルマレイン酸塩錠２．５ｍｇ「サンド」,20,ｴﾅﾗﾌﾟﾘﾙﾏﾚｲﾝｻﾝｴﾝｼﾞｮｳ2,16,1,錠,1,10.1,0,0,0,0,1,0,0,0,0,8,622721700,0,0,0,0,1,,20200619,99999999,2144002F1016,0,0,エナラプリルマレイン酸塩錠２．５ｍｇ「サンド」
3,Y,621244101,21,エナラプリルマレイン酸塩錠５ｍｇ「アメル」,20,ｴﾅﾗﾌﾟﾘﾙﾏﾚｲﾝｻﾝｴﾝｼﾞｮｳ5,16,1,錠,1,10.1,0,0,0,0,1,0,0,0,0,8,622689700,0,0,0,0,1,,20200619,99999999,2144002F2012,0,0,エナラプリルマレイン酸塩錠５ｍｇ「アメル」
3,Y,621244801,21,エナラプリルマレイン酸塩錠５ｍｇ「サンド」,20,ｴﾅﾗﾌﾟﾘﾙﾏﾚｲﾝｻﾝｴﾝｼﾞｮｳ5,16,1,錠,1,10.1,0,0,0,0,1,0,0,0,0,8,622689700,0,0,0,0,1,,20200619,99999999,2144002F2012,0,0,エナラプリルマレイン酸塩錠５ｍｇ「サンド」
3,Y,621269601,23,クロモグリク酸Ｎａ吸入液１％「アメル」　２ｍＬ,20,ｸﾛﾓｸﾞﾘｸｻﾝNAｷｭｳﾆｭｳｴｷ1,22,1,管,1,31.8,0,0,0,0,1,0,0,0,0,8,622773800,0,0,0,0,6,,20200619,99999999,2259701G1012,0,0,クロモグリク酸Ｎａ吸入液１％「アメル」
3,Y,621276001,16,テプレノン細粒１０％「ツルハラ」,18,ﾃﾌﾟﾚﾉﾝｻｲﾘｭｳ10%ﾂﾙﾊﾗ,33,1,ｇ,1,10.8,0,0,0,0,1,0,0,0,0,8,622734600,0,0,0,0,1,,20200619,99999999,2329012C1018,0,0,テプレノン細粒１０％「ツルハラ」
3,Y,621276201,19,テプレノンカプセル５０ｍｇ「ツルハラ」,19,ﾃﾌﾟﾚﾉﾝｶﾌﾟｾﾙ50MGﾂﾙﾊﾗ,15,4,カプセル,1,6.3,0,0,0,0,1,0,0,0,0,1,0,0,0,0,0,1,,20200619,99999999,2329012M1382,0,0,テプレノンカプセル５０ｍｇ「ツルハラ」
3,Y,621289301,18,イソプロパノール消毒液７０％「東豊」,20,ｲｿﾌﾟﾛﾊﾟﾉｰﾙｼｮｳﾄﾞｸｴｷ70,36,2,ｍＬ,1,0.45,0,0,1,0,0,0,0,0,0,8,622775400,0,0,0,0,6,,20200619,99999999,2615701Q2011,0,0,イソプロパノール消毒液７０％「東豊」
3,Y,621355001,16,ビダラビンクリーム３％「マルホ」,17,ﾋﾞﾀﾞﾗﾋﾞﾝｸﾘｰﾑ3%ﾏﾙﾎ,33,1,ｇ,1,99.3,0,0,0,0,1,0,0,0,0,8,622782400,0,0,0,0,6,,20200619,99999999,6250700N1010,0,0,ビダラビンクリーム３％「マルホ」
3,Y,621365728,17,カプトプリル錠１２．５ｍｇ「ＫＮ」,20,ｶﾌﾟﾄﾌﾟﾘﾙｼﾞｮｳ12.5MGKN,16,1,錠,1,5.7,0,0,0,0,1,0,0,0,0,8,622721600,0,0,0,0,1,,20200619,99999999,2144001F1011,0,0,カプトプリル錠１２．５ｍｇ「ＫＮ」
3,Y,621365817,15,カプトプリル錠２５ｍｇ「ＫＮ」,18,ｶﾌﾟﾄﾌﾟﾘﾙｼﾞｮｳ25MGKN,16,1,錠,1,5.9,0,0,0,0,1,0,0,0,0,8,610461108,0,0,0,0,1,,20200619,99999999,2144001F2018,0,0,カプトプリル錠２５ｍｇ「ＫＮ」
3,Y,621372101,28,ベタメタゾン吉草酸エステルローション０．１２％「イワキ」,20,ﾍﾞﾀﾒﾀｿﾞﾝｷﾂｿｳｻﾝｴｽﾃﾙﾛｰ,36,2,ｍＬ,1,6.2,0,0,0,0,1,0,0,0,0,8,622332300,0,0,0,0,6,,20200619,99999999,2646701Q1011,0,0,ベタメタゾン吉草酸エステルローション０．１２％「イワキ」
3,Y,621372901,24,クロベタゾン酪酸エステル軟膏０．０５％「イワキ」,20,ｸﾛﾍﾞﾀｿﾞﾝﾗｸｻﾝｴｽﾃﾙﾅﾝｺｳ,33,1,ｇ,1,9,0,0,0,0,1,0,0,0,0,8,622776800,0,0,0,0,6,,20200619,99999999,2646722M1011,0,0,クロベタゾン酪酸エステル軟膏０．０５％「イワキ」
3,Y,621372912,25,クロベタゾン酪酸エステル軟膏０．０５％「ラクール」,20,ｸﾛﾍﾞﾀｿﾞﾝﾗｸｻﾝｴｽﾃﾙﾅﾝｺｳ,33,1,ｇ,1,9,0,0,0,0,1,0,0,0,0,8,622776800,0,0,0,0,6,,20200619,99999999,2646722M1011,0,0,クロベタゾン酪酸エステル軟膏０．０５％「ラクール」
3,Y,621373001,26,クロベタゾン酪酸エステルクリーム０．０５％「イワキ」,20,ｸﾛﾍﾞﾀｿﾞﾝﾗｸｻﾝｴｽﾃﾙｸﾘｰﾑ,33,1,ｇ,1,9,0,0,0,0,1,0,0,0,0,8,622776900,0,0,0,0,6,,20200619,99999999,2646722N1017,0,0,クロベタゾン酪酸エステルクリーム０．０５％「イワキ」
3,Y,621373101,27,クロベタゾン酪酸エステルローション０．０５％「イワキ」,20,ｸﾛﾍﾞﾀｿﾞﾝﾗｸｻﾝｴｽﾃﾙﾛｰｼｮ,33,1,ｇ,1,9,0,0,0,0,1,0,0,0,0,8,622777000,0,0,0,0,6,,20200619,99999999,2646722Q1013,0,0,クロベタゾン酪酸エステルローション０．０５％「イワキ」
3,Y,621395701,25,ヒアルロン酸Ｎａ点眼液０．１％「ニットー」　５ｍＬ,20,ﾋｱﾙﾛﾝｻﾝNAﾃﾝｶﾞﾝｴｷ0.1%,19,1,瓶,1,229.5,0,0,0,0,1,0,0,0,0,1,0,0,0,0,0,6,,20200619,99999999,1319720Q3213,0,0,ヒアルロン酸Ｎａ点眼液０．１％「ニットー」
3,Y,621395902,31,ヒアルロン酸Ｎａ０．８５眼粘弾剤１％ＨＶセンジュ　０．８５ｍＬ,20,ﾋｱﾙﾛﾝｻﾝNA0.85ｶﾞﾝﾈﾝﾀﾞ,47,1,筒,1,5419,0,0,0,0,0,0,0,0,0,0,0,0,0,0,0,6,,20200619,99999999,1319720Q8223,0,0,ヒアルロン酸Ｎａ０．８５眼粘弾剤１％ＨＶ「センジュ」
3,Y,621397301,20,オフロキサシン点眼液０．３％「わかもと」,20,ｵﾌﾛｷｻｼﾝﾃﾝｶﾞﾝｴｷ0.3%ﾜｶ,36,2,ｍＬ,1,42.1,0,0,0,0,0,0,0,0,0,8,622330100,0,0,0,0,6,,20200619,99999999,1319722Q1015,0,0,オフロキサシン点眼液０．３％「わかもと」
3,Y,621401201,21,エナラプリルマレイン酸塩細粒１％「アメル」,20,ｴﾅﾗﾌﾟﾘﾙﾏﾚｲﾝｻﾝｴﾝｻｲﾘｭｳ,33,1,ｇ,1,70.6,0,0,0,0,1,0,0,0,0,0,0,0,0,0,0,1,,20200619,99999999,2144002C1036,0,0,エナラプリルマレイン酸塩細粒１％「アメル」
3,Y,621492701,21,イソプロパノール消毒Ｂ液７０％「ケンエー」,20,ｲｿﾌﾟﾛﾊﾟﾉｰﾙｼｮｳﾄﾞｸBｴｷ7,36,2,ｍＬ,1,0.45,0,0,1,0,0,0,0,0,0,8,622775400,0,0,0,0,6,,20200619,99999999,2615701Q2011,0,0,イソプロパノール消毒Ｂ液７０％「ケンエー」
3,Y,621500202,30,デキサメタゾンプロピオン酸エステルクリーム０．１％「日医工」,20,ﾃﾞｷｻﾒﾀｿﾞﾝﾌﾟﾛﾋﾟｵﾝｻﾝｴｽ,33,1,ｇ,1,11,0,0,0,0,1,0,0,0,0,8,622777700,0,0,0,0,6,,20200619,99999999,2646726N1015,0,0,デキサメタゾンプロピオン酸エステルクリーム０．１％「日医工」
3,Y,621500302,28,デキサメタゾンプロピオン酸エステル軟膏０．１％「日医工」,20,ﾃﾞｷｻﾒﾀｿﾞﾝﾌﾟﾛﾋﾟｵﾝｻﾝｴｽ,33,1,ｇ,1,11,0,0,0,0,1,0,0,0,0,8,622777600,0,0,0,0,6,,20200619,99999999,2646726M1010,0,0,デキサメタゾンプロピオン酸エステル軟膏０．１％「日医工」
3,Y,621515302,32,グルカゴン注射用１単位「ＩＬＳ」　１Ｕ．Ｓ．Ｐ．単位（溶解液付）,20,ｸﾞﾙｶｺﾞﾝﾁｭｳｼｬﾖｳ1ﾀﾝｲIL,19,1,瓶,1,1671,0,0,0,0,1,0,0,0,0,0,0,0,0,0,0,4,,20200619,99999999,7229400D1100,0,0,グルカゴン注射用１単位「ＩＬＳ」
3,Y,621521901,31,ヒアルロン酸Ｎａ０．８５眼粘弾剤１％「アルコン」　０．８５ｍＬ,20,ﾋｱﾙﾛﾝｻﾝNA0.85ｶﾞﾝﾈﾝﾀﾞ,47,1,筒,1,2455.4,0,0,0,0,1,0,0,0,0,8,622771800,0,0,0,0,6,,20200619,99999999,1319720Q8010,0,0,ヒアルロン酸Ｎａ０．８５眼粘弾剤１％「アルコン」
3,Y,621528401,20,プラバスタチンナトリウム錠５ｍｇ「ＹＤ」,20,ﾌﾟﾗﾊﾞｽﾀﾁﾝﾅﾄﾘｳﾑｼﾞｮｳ5M,16,1,錠,1,13.1,0,0,0,0,1,0,0,0,0,1,0,0,0,0,0,1,,20200619,99999999,2189010F1489,0,0,プラバスタチンナトリウム錠５ｍｇ「ＹＤ」
3,Y,621528501,21,プラバスタチンナトリウム錠１０ｍｇ「ＹＤ」,20,ﾌﾟﾗﾊﾞｽﾀﾁﾝﾅﾄﾘｳﾑｼﾞｮｳ10,16,1,錠,1,25.6,0,0,0,0,1,0,0,0,0,1,0,0,0,0,0,1,,20200619,99999999,2189010F2507,0,0,プラバスタチンナトリウム錠１０ｍｇ「ＹＤ」
3,Y,621536405,23,オザグレルＮａ点滴静注２０ｍｇ「ＦＹ」　２ｍＬ,20,ｵｻﾞｸﾞﾚﾙNAﾃﾝﾃｷｼﾞｮｳﾁｭｳ,22,1,管,1,387,0,0,0,0,1,0,0,0,0,1,0,0,0,0,0,4,,20200619,99999999,3999411A1076,0,0,オザグレルＮａ点滴静注２０ｍｇ「ＦＹ」
3,Y,621536505,25,オザグレルＮａ点滴静注４０ｍｇ「ＦＹ」　２．５ｍＬ,20,ｵｻﾞｸﾞﾚﾙNAﾃﾝﾃｷｼﾞｮｳﾁｭｳ,22,1,管,1,612,0,0,0,0,1,0,0,0,0,1,0,0,0,0,0,4,,20200619,99999999,3999411A7031,0,0,オザグレルＮａ点滴静注４０ｍｇ「ＦＹ」
3,Y,621536605,23,オザグレルＮａ点滴静注８０ｍｇ「ＦＹ」　５ｍＬ,20,ｵｻﾞｸﾞﾚﾙNAﾃﾝﾃｷｼﾞｮｳﾁｭｳ,22,1,管,1,784,0,0,0,0,1,0,0,0,0,8,622759400,0,0,0,0,4,,20200619,99999999,3999411A8011,0,0,オザグレルＮａ点滴静注８０ｍｇ「ＦＹ」
5,Y,621554801,,,,,,,,,,,,,,,,,,,,,,,,,,,20200619,,,,20210331,
3,Y,621554802,17,ユエキンキープ３号輸液　２００ｍＬ,15,ﾕｴｷﾝｷｰﾌﾟ3ｺﾞｳﾕｴｷ,20,1,袋,1,155,0,0,0,0,0,0,0,0,200,0,0,0,0,0,0,4,,20200619,99999999,3319510A5144,0,0,ユエキンキープ３号輸液
5,Y,621554901,,,,,,,,,,,,,,,,,,,,,,,,,,,20200619,,,,20210331,
3,Y,621554902,17,ユエキンキープ３号輸液　５００ｍＬ,15,ﾕｴｷﾝｷｰﾌﾟ3ｺﾞｳﾕｴｷ,20,1,袋,1,155,0,0,0,0,0,0,0,0,500,0,0,0,0,0,0,4,,20200619,99999999,3319510A4121,0,0,ユエキンキープ３号輸液
3,Y,621556202,31,ヒアルロン酸Ｎａ１．１眼粘弾剤１％ＭＶ「センジュ」　１．１ｍＬ,20,ﾋｱﾙﾛﾝｻﾝNA1.1ｶﾞﾝﾈﾝﾀﾞﾝ,47,1,筒,1,6019.2,0,0,0,0,1,0,0,0,0,8,622771900,0,0,0,0,6,,20200619,99999999,1319720Q9017,0,0,ヒアルロン酸Ｎａ１．１眼粘弾剤１％ＭＶ「センジュ」
3,Y,621565802,32,ラクツロース経口ゼリー分包１６．０５ｇ「サトウ」　４０．４９６％,20,ﾗｸﾂﾛｰｽｹｲｺｳｾﾞﾘｰﾌﾞﾝﾎﾟｳ,33,1,ｇ,1,2.8,0,0,0,0,1,0,0,0,0,8,622741600,0,0,0,0,1,,20200619,99999999,3999001Q3011,0,0,ラクツロース経口ゼリー分包１６．０５ｇ「サトウ」
3,Y,621622602,17,メトトレキサート錠２ｍｇ「あゆみ」,18,ﾒﾄﾄﾚｷｻｰﾄｼﾞｮｳ2MGｱﾕﾐ,16,1,錠,1,135.3,0,0,0,0,1,0,0,0,0,0,0,0,0,0,0,1,,20200619,99999999,3999016F1073,0,0,メトトレキサート錠２ｍｇ「あゆみ」
3,Y,621630201,17,オメプラゾール錠１０ｍｇ「トーワ」,20,ｵﾒﾌﾟﾗｿﾞｰﾙｼﾞｮｳ10MGﾄｰﾜ,16,1,錠,1,23.5,0,0,0,0,1,0,0,0,0,8,622735300,0,0,0,0,1,,20200619,99999999,2329022H2015,0,0,オメプラゾール錠１０ｍｇ「トーワ」
3,Y,621630301,17,オメプラゾール錠２０ｍｇ「トーワ」,20,ｵﾒﾌﾟﾗｿﾞｰﾙｼﾞｮｳ20MGﾄｰﾜ,16,1,錠,1,36.2,0,0,0,0,1,0,0,0,0,8,622735200,0,0,0,0,1,,20200619,99999999,2329022H1019,0,0,オメプラゾール錠２０ｍｇ「トーワ」
3,Y,621660005,28,オザグレルＮａ点滴静注８０ｍｇ／２００ｍＬバッグ「ＦＹ」,20,ｵｻﾞｸﾞﾚﾙNAﾃﾝﾃｷｼﾞｮｳﾁｭｳ,20,1,袋,1,1068,0,0,0,0,1,0,0,0,200,1,0,0,0,0,0,4,,20200619,99999999,3999411G5082,0,0,オザグレルＮａ点滴静注８０ｍｇ／２００ｍＬバッグ「ＦＹ」
3,Y,621676901,20,アセトアミノフェン錠２００ｍｇ「ＴＣＫ」,20,ｱｾﾄｱﾐﾉﾌｪﾝｼﾞｮｳ200MGTC,16,1,錠,1,6.7,0,0,0,0,1,0,0,0,0,0,0,0,0,0,0,1,,20200619,99999999,1141007F1225,0,0,アセトアミノフェン錠２００ｍｇ「ＴＣＫ」
3,Y,621690101,18,ペルゴリド顆粒０．０２５％「日医工」,20,ﾍﾟﾙｺﾞﾘﾄﾞｶﾘｭｳ0.025%ﾆﾁ,33,1,ｇ,1,98.3,0,0,0,0,1,0,0,0,0,0,0,0,0,0,0,1,,20200619,99999999,1169008D1033,0,0,ペルゴリド顆粒０．０２５％「日医工」
3,Y,621691101,17,ボグリボース錠０．２ｍｇ「ＴＣＫ」,20,ﾎﾞｸﾞﾘﾎﾞｰｽｼﾞｮｳ0.2MGTC,16,1,錠,1,10.6,0,0,0,0,1,0,0,0,0,8,622741000,0,0,0,0,1,,20200619,99999999,3969004F1012,0,0,ボグリボース錠０．２ｍｇ「ＴＣＫ」
3,Y,621691501,17,ボグリボース錠０．３ｍｇ「ＴＣＫ」,20,ﾎﾞｸﾞﾘﾎﾞｰｽｼﾞｮｳ0.3MGTC,16,1,錠,1,14.7,0,0,0,0,1,0,0,0,0,8,622741100,0,0,0,0,1,,20200619,99999999,3969004F2019,0,0,ボグリボース錠０．３ｍｇ「ＴＣＫ」
3,Y,621695101,14,アクメインＤ輸液　５００ｍＬ,9,ｱｸﾒｲﾝDﾕｴｷ,20,1,袋,1,189,0,0,0,0,0,0,0,0,500,8,622693300,0,0,0,0,4,,20200619,99999999,3319551A4015,0,0,アクメインＤ輸液
3,Y,621717901,28,ヒアルロン酸Ｎａ眼粘弾剤１％シリンジ０．８５ｍＬ「日点」,20,ﾋｱﾙﾛﾝｻﾝNAｶﾞﾝﾈﾝﾀﾞﾝｻﾞｲ,47,1,筒,1,2455.4,0,0,0,0,1,0,0,0,0,8,622771800,0,0,0,0,6,,20200619,99999999,1319720Q8010,0,0,ヒアルロン酸Ｎａ眼粘弾剤１％シリンジ０．８５ｍＬ「日点」
3,Y,621719201,15,アシクロビル眼軟膏３％「日点」,20,ｱｼｸﾛﾋﾞﾙｶﾞﾝﾅﾝｺｳ3%ﾆｯﾃﾝ,33,1,ｇ,1,389,0,0,0,0,0,0,0,0,0,8,622619000,0,0,0,0,6,,20200619,99999999,1319719M1011,0,0,アシクロビル眼軟膏３％「日点」
3,Y,621726002,18,テルビナフィン錠１２５ｍｇ「タカタ」,20,ﾃﾙﾋﾞﾅﾌｨﾝｼﾞｮｳ125MGﾀｶﾀ,16,1,錠,1,86.8,0,0,0,0,1,0,0,0,0,1,0,0,0,0,0,1,,20200619,99999999,6290005F1342,0,0,テルビナフィン錠１２５ｍｇ「タカタ」
3,Y,621731102,29,クラリスロマイシンＤＳ１０％小児用「ＭＥＥＫ」　１００ｍｇ,20,ｸﾗﾘｽﾛﾏｲｼﾝDS10%ｼｮｳﾆﾖｳ,33,1,ｇ,1,40.1,0,0,0,0,1,0,0,0,0,1,0,0,0,0,0,1,,20200619,99999999,6149003R1232,0,0,クラリスロマイシンＤＳ１０％小児用「ＭＥＥＫ」
3,Y,621736602,18,テルビナフィン錠１２５ｍｇ「ＴＣＫ」,20,ﾃﾙﾋﾞﾅﾌｨﾝｼﾞｮｳ125MGTCK,16,1,錠,1,86.8,0,0,0,0,1,0,0,0,0,1,0,0,0,0,0,1,,20200619,99999999,6290005F1334,0,0,テルビナフィン錠１２５ｍｇ「ＴＣＫ」
3,Y,621737001,31,フルチカゾンプロピオン酸エステル５０ＣＥＯ２８　２．０４ｍｇ４,20,ﾌﾙﾁｶｿﾞﾝﾌﾟﾛﾋﾟｵﾝｻﾝｴｽﾃﾙ,19,1,瓶,1,385.5,0,0,0,0,1,0,0,0,0,8,622773200,0,0,0,0,6,,20200619,99999999,1329707Q1017,0,0,フルチカゾンプロピオン酸エステル点鼻液５０μｇ「ＣＥＯ」２８噴霧用
3,Y,621737101,31,フルチカゾンプロピオン酸エステル５０ＣＥＯ５６　４．０８ｍｇ８,20,ﾌﾙﾁｶｿﾞﾝﾌﾟﾛﾋﾟｵﾝｻﾝｴｽﾃﾙ,19,1,瓶,1,695.4,0,0,0,0,1,0,0,0,0,0,0,0,0,0,0,6,,20200619,99999999,1329707Q3249,0,0,フルチカゾンプロピオン酸エステル点鼻液５０μｇ「ＣＥＯ」５６噴霧用
3,Y,621740701,22,クラリスロマイシン錠小児用５０ｍｇ「ＴＣＫ」,20,ｸﾗﾘｽﾛﾏｲｼﾝｼﾞｮｳｼｮｳﾆﾖｳ5,16,1,錠,1,17.9,0,0,0,0,1,0,0,0,0,8,622746100,0,0,0,0,1,,20200619,99999999,6149003F1015,0,0,クラリスロマイシン錠小児用５０ｍｇ「ＴＣＫ」
3,Y,621741401,20,クラリスロマイシン錠２００ｍｇ「ＴＣＫ」,20,ｸﾗﾘｽﾛﾏｲｼﾝｼﾞｮｳ200MGTC,16,1,錠,1,26.4,0,0,0,0,1,0,0,0,0,8,622746200,0,0,0,0,1,,20200619,99999999,6149003F2011,0,0,クラリスロマイシン錠２００ｍｇ「ＴＣＫ」
3,Y,621749801,17,ベニジピン塩酸塩錠２ｍｇ「ＴＣＫ」,20,ﾍﾞﾆｼﾞﾋﾟﾝｴﾝｻﾝｴﾝｼﾞｮｳ2M,16,1,錠,1,10.1,0,0,0,0,1,0,0,0,0,8,622728200,0,0,0,0,1,,20200619,99999999,2171021F1016,0,0,ベニジピン塩酸塩錠２ｍｇ「ＴＣＫ」
3,Y,621750401,17,ベニジピン塩酸塩錠４ｍｇ「ＴＣＫ」,20,ﾍﾞﾆｼﾞﾋﾟﾝｴﾝｻﾝｴﾝｼﾞｮｳ4M,16,1,錠,1,15.8,0,0,0,0,1,0,0,0,0,8,622728300,0,0,0,0,1,,20200619,99999999,2171021F2012,0,0,ベニジピン塩酸塩錠４ｍｇ「ＴＣＫ」
3,Y,621751001,17,ベニジピン塩酸塩錠８ｍｇ「ＴＣＫ」,20,ﾍﾞﾆｼﾞﾋﾟﾝｴﾝｻﾝｴﾝｼﾞｮｳ8M,16,1,錠,1,28.8,0,0,0,0,1,0,0,0,0,8,622323500,0,0,0,0,1,,20200619,99999999,2171021F3019,0,0,ベニジピン塩酸塩錠８ｍｇ「ＴＣＫ」
3,Y,621758502,26,イオパミドール３００注２０ｍＬ「ＦＦ」　６１．２４％,20,ｲｵﾊﾟﾐﾄﾞｰﾙ300ﾁｭｳ20MLF,19,1,瓶,1,895,0,0,0,0,1,0,0,1,20,8,622766300,0,0,0,0,4,,20200619,99999999,7219412A9011,0,0,イオパミドール３００注２０ｍＬ「ＦＦ」
3,Y,621758602,26,イオパミドール３７０注２０ｍＬ「ＦＦ」　７５．５２％,20,ｲｵﾊﾟﾐﾄﾞｰﾙ370ﾁｭｳ20MLF,19,1,瓶,1,949,0,0,0,0,1,0,0,1,20,8,622766800,0,0,0,0,4,,20200619,99999999,7219412H1019,0,0,イオパミドール３７０注２０ｍＬ「ＦＦ」
3,Y,621782301,31,イオパミドール３７０注シリンジ１００ｍＬ「ＦＦ」　７５．５２％,20,ｲｵﾊﾟﾐﾄﾞｰﾙ370ﾁｭｳｼﾘﾝｼﾞ,47,1,筒,1,4107,0,0,0,0,1,0,0,1,100,1,0,0,0,0,0,4,,20200619,99999999,7219412G7070,0,0,イオパミドール３７０注シリンジ１００ｍＬ「ＦＦ」
3,Y,621834101,30,イオパミドール３００注シリンジ５０ｍＬ「ＦＦ」　６１．２４％,20,ｲｵﾊﾟﾐﾄﾞｰﾙ300ﾁｭｳｼﾘﾝｼﾞ,47,1,筒,1,2453,0,0,0,0,1,0,0,1,50,8,622766500,0,0,0,0,4,,20200619,99999999,7219412G2010,0,0,イオパミドール３００注シリンジ５０ｍＬ「ＦＦ」
3,Y,621834201,30,イオパミドール３００注シリンジ８０ｍＬ「ＦＦ」　６１．２４％,20,ｲｵﾊﾟﾐﾄﾞｰﾙ300ﾁｭｳｼﾘﾝｼﾞ,47,1,筒,1,3057,0,0,0,0,1,0,0,1,80,8,622766600,0,0,0,0,4,,20200619,99999999,7219412G6015,0,0,イオパミドール３００注シリンジ８０ｍＬ「ＦＦ」
3,Y,621834301,30,イオパミドール３７０注シリンジ５０ｍＬ「ＦＦ」　７５．５２％,20,ｲｵﾊﾟﾐﾄﾞｰﾙ370ﾁｭｳｼﾘﾝｼﾞ,47,1,筒,1,2293,0,0,0,0,1,0,0,1,50,8,622766900,0,0,0,0,4,,20200619,99999999,7219412P1013,0,0,イオパミドール３７０注シリンジ５０ｍＬ「ＦＦ」
3,Y,621834401,30,イオパミドール３７０注シリンジ８０ｍＬ「ＦＦ」　７５．５２％,20,ｲｵﾊﾟﾐﾄﾞｰﾙ370ﾁｭｳｼﾘﾝｼﾞ,47,1,筒,1,3270,0,0,0,0,1,0,0,1,80,8,622766700,0,0,0,0,4,,20200619,99999999,7219412G9014,0,0,イオパミドール３７０注シリンジ８０ｍＬ「ＦＦ」
3,Y,621896902,22,ピコスルファートＮａ錠２．５ｍｇ「武田テバ」,20,ﾋﾟｺｽﾙﾌｧｰﾄNAｼﾞｮｳ2.5MG,16,1,錠,1,5.9,0,0,0,0,1,0,0,0,0,8,622735700,0,0,0,0,1,,20200619,99999999,2359005F1013,0,0,ピコスルファートＮａ錠２．５ｍｇ「武田テバ」
5,Y,621959901,,,,,,,,,,,,,,,,,,,,,,,,,,,20200619,,,,20210331,
3,Y,621959902,27,イコサペント酸エチル粒状カプセル３００ｍｇ「日本臓器」,20,ｲｺｻﾍﾟﾝﾄｻﾝｴﾁﾙﾘｭｳｼﾞｮｳｶ,18,1,包,1,14.6,0,0,0,0,1,0,0,0,0,1,0,0,0,0,0,1,,20200619,99999999,3399004M2120,0,0,イコサペント酸エチル粒状カプセル３００ｍｇ「日本臓器」
5,Y,621960001,,,,,,,,,,,,,,,,,,,,,,,,,,,20200619,,,,20210331,
3,Y,621960002,27,イコサペント酸エチル粒状カプセル６００ｍｇ「日本臓器」,20,ｲｺｻﾍﾟﾝﾄｻﾝｴﾁﾙﾘｭｳｼﾞｮｳｶ,18,1,包,1,45.2,0,0,0,0,1,0,0,0,0,1,0,0,0,0,0,1,,20200619,99999999,3399004M3142,0,0,イコサペント酸エチル粒状カプセル６００ｍｇ「日本臓器」
5,Y,621960101,,,,,,,,,,,,,,,,,,,,,,,,,,,20200619,,,,20210331,
3,Y,621960102,27,イコサペント酸エチル粒状カプセル９００ｍｇ「日本臓器」,20,ｲｺｻﾍﾟﾝﾄｻﾝｴﾁﾙﾘｭｳｼﾞｮｳｶ,18,1,包,1,67,0,0,0,0,1,0,0,0,0,1,0,0,0,0,0,1,,20200619,99999999,3399004M4149,0,0,イコサペント酸エチル粒状カプセル９００ｍｇ「日本臓器」
5,Y,621979801,,,,,,,,,,,,,,,,,,,,,,,,,,,20200619,,,,20210331,
3,Y,621979802,22,エナラプリルマレイン酸塩錠１０ｍｇ「アメル」,20,ｴﾅﾗﾌﾟﾘﾙﾏﾚｲﾝｻﾝｴﾝｼﾞｮｳ1,16,1,錠,1,16.2,0,0,0,0,1,0,0,0,0,1,0,0,0,0,0,1,,20200619,99999999,2144002F3361,0,0,エナラプリルマレイン酸塩錠１０ｍｇ「アメル」
5,Y,621989201,,,,,,,,,,,,,,,,,,,,,,,,,,,20200619,,,,20210331,
3,Y,621989202,32,パルナパリンＮａ透析１００Ｕ／ｍＬシリンジ２０ｍＬフソー　２千Ｕ,20,ﾊﾟﾙﾅﾊﾟﾘﾝNAﾄｳｾｷﾖｳ100ﾀ,47,1,筒,1,468,0,0,0,0,0,0,0,0,20,0,0,0,0,0,0,4,,20200619,99999999,3334404G1047,0,0,パルナパリンＮａ透析用１００単位／ｍＬシリンジ２０ｍＬ「フソー」
5,Y,621989301,,,,,,,,,,,,,,,,,,,,,,,,,,,20200619,,,,20210331,
3,Y,621989302,32,パルナパリンＮａ透析１５０Ｕ／ｍＬシリンジ２０ｍＬフソー　３千Ｕ,20,ﾊﾟﾙﾅﾊﾟﾘﾝNAﾄｳｾｷﾖｳ150ﾀ,47,1,筒,1,629,0,0,0,0,0,0,0,0,20,0,0,0,0,0,0,4,,20200619,99999999,3334404G2043,0,0,パルナパリンＮａ透析用１５０単位／ｍＬシリンジ２０ｍＬ「フソー」
5,Y,621989401,,,,,,,,,,,,,,,,,,,,,,,,,,,20200619,,,,20210331,
3,Y,621989402,32,パルナパリンＮａ透析２００Ｕ／ｍＬシリンジ２０ｍＬフソー　４千Ｕ,20,ﾊﾟﾙﾅﾊﾟﾘﾝNAﾄｳｾｷﾖｳ200ﾀ,47,1,筒,1,804,0,0,0,0,0,0,0,0,20,0,0,0,0,0,0,4,,20200619,99999999,3334404G3040,0,0,パルナパリンＮａ透析用２００単位／ｍＬシリンジ２０ｍＬ「フソー」
3,Y,622028802,23,エナラプリルマレイン酸塩錠２．５ｍｇ「アメル」,20,ｴﾅﾗﾌﾟﾘﾙﾏﾚｲﾝｻﾝｴﾝｼﾞｮｳ2,16,1,錠,1,10.1,0,0,0,0,1,0,0,0,0,8,622721700,0,0,0,0,1,,20200619,99999999,2144002F1016,0,0,エナラプリルマレイン酸塩錠２．５ｍｇ「アメル」
3,Y,622039402,22,エナラプリルマレイン酸塩錠１０ｍｇ「サンド」,20,ｴﾅﾗﾌﾟﾘﾙﾏﾚｲﾝｻﾝｴﾝｼﾞｮｳ1,16,1,錠,1,12.3,0,0,0,0,1,0,0,0,0,8,620001877,0,0,0,0,1,,20200619,99999999,2144002F3019,0,0,エナラプリルマレイン酸塩錠１０ｍｇ「サンド」
5,Y,622051001,,,,,,,,,,,,,,,,,,,,,,,,,,,20200619,,,,20210331,
3,Y,622051002,17,アロプリノール錠５０ｍｇ「ＤＳＰ」,19,ｱﾛﾌﾟﾘﾉｰﾙｼﾞｮｳ50MGDSP,16,1,錠,1,10.1,0,0,0,0,1,0,0,0,0,1,0,0,0,0,0,1,,20200619,99999999,3943001F2353,0,0,アロプリノール錠５０ｍｇ「ＤＳＰ」
3,Y,622066502,21,アモキシシリンカプセル１２５ｍｇ「ＴＣＫ」,20,ｱﾓｷｼｼﾘﾝｶﾌﾟｾﾙ125MGTCK,15,4,カプセル,1,10.1,0,0,0,0,1,0,0,0,0,8,622745300,0,0,0,0,1,,20200619,99999999,6131001M1010,0,0,アモキシシリンカプセル１２５ｍｇ「ＴＣＫ」
3,Y,622066602,23,アモキシシリン細粒１０％「ＴＣＫ」　１００ｍｇ,18,ｱﾓｷｼｼﾘﾝｻｲﾘｭｳ10%TCK,33,1,ｇ,1,7.3,0,0,0,0,1,0,0,0,0,8,622745100,0,0,0,0,1,,20200619,99999999,6131001C1015,0,0,アモキシシリン細粒１０％「ＴＣＫ」
3,Y,622072702,27,ヒアルロン酸Ｎａ眼粘弾剤１％シリンジ０．４ｍＬ「日点」,20,ﾋｱﾙﾛﾝｻﾝNAｶﾞﾝﾈﾝﾀﾞﾝｻﾞｲ,47,1,筒,1,3310,0,0,0,0,1,0,0,0,0,8,622771400,0,0,0,0,6,,20200619,99999999,1319720Q1016,0,0,ヒアルロン酸Ｎａ眼粘弾剤１％シリンジ０．４ｍＬ「日点」
5,Y,622072801,,,,,,,,,,,,,,,,,,,,,,,,,,,20200619,,,,20210331,
3,Y,622072802,27,ヒアルロン酸Ｎａ眼粘弾剤１％シリンジ０．６ｍＬ「日点」,20,ﾋｱﾙﾛﾝｻﾝNAｶﾞﾝﾈﾝﾀﾞﾝｻﾞｲ,47,1,筒,1,3976.4,0,0,0,0,1,0,0,0,0,0,0,0,0,0,0,6,,20200619,99999999,1319720Q7260,0,0,ヒアルロン酸Ｎａ眼粘弾剤１％シリンジ０．６ｍＬ「日点」
3,Y,622084002,31,ヒアルロン酸Ｎａ０．４眼粘弾剤１％ＨＶ「センジュ」　０．４ｍＬ,20,ﾋｱﾙﾛﾝｻﾝNA0.4ｶﾞﾝﾈﾝﾀﾞﾝ,47,1,筒,1,3310,0,0,0,0,1,0,0,0,0,8,622771400,0,0,0,0,6,,20200619,99999999,1319720Q1016,0,0,ヒアルロン酸Ｎａ０．４眼粘弾剤１％ＨＶ「センジュ」
5,Y,622084101,,,,,,,,,,,,,,,,,,,,,,,,,,,20200619,,,,20210331,
3,Y,622084102,31,ヒアルロン酸Ｎａ０．６眼粘弾剤１％ＨＶ「センジュ」　０．６ｍＬ,20,ﾋｱﾙﾛﾝｻﾝNA0.6ｶﾞﾝﾈﾝﾀﾞﾝ,47,1,筒,1,3976.4,0,0,0,0,1,0,0,0,0,0,0,0,0,0,0,6,,20200619,99999999,1319720Q7235,0,0,ヒアルロン酸Ｎａ０．６眼粘弾剤１％ＨＶ「センジュ」
3,Y,622121202,14,アクメインＤ輸液　２００ｍＬ,9,ｱｸﾒｲﾝDﾕｴｷ,20,1,袋,1,154,0,0,0,0,0,0,0,0,200,8,622693200,0,0,0,0,4,,20200619,99999999,3319551A8010,0,0,アクメインＤ輸液
3,Y,622127102,21,テオフィリン徐放カプセル５０ｍｇ「サンド」,20,ﾃｵﾌｨﾘﾝｼﾞｮﾎｳｶﾌﾟｾﾙ50MG,15,4,カプセル,1,5.9,0,0,0,0,1,0,0,0,0,8,622731300,0,0,0,0,1,,20200619,99999999,2251001M3013,0,0,テオフィリン徐放カプセル５０ｍｇ「サンド」
5,Y,622226501,,,,,,,,,,,,,,,,,,,,,,,,,,,20200619,,,,20210331,
3,Y,622226502,25,ヒアルロン酸Ｎａ点眼液０．３％「ニットー」　５ｍＬ,20,ﾋｱﾙﾛﾝｻﾝNAﾃﾝｶﾞﾝｴｷ0.3%,19,1,瓶,1,308.9,0,0,0,0,1,0,0,0,0,1,0,0,0,0,0,6,,20200619,99999999,1319720Y2160,0,0,ヒアルロン酸Ｎａ点眼液０．３％「ニットー」
5,Y,622229201,,,,,,,,,,,,,,,,,,,,,,,,,,,20200619,,,,20210331,
3,Y,622229202,29,ヒアルロン酸Ｎａ０．６眼粘弾剤１％「アルコン」　０．６ｍＬ,20,ﾋｱﾙﾛﾝｻﾝNA0.6ｶﾞﾝﾈﾝﾀﾞﾝ,47,1,筒,1,3976.4,0,0,0,0,1,0,0,0,0,0,0,0,0,0,0,6,,20200619,99999999,1319720Q7251,0,0,ヒアルロン酸Ｎａ０．６眼粘弾剤１％「アルコン」
5,Y,622351401,,,,,,,,,,,,,,,,,,,,,,,,,,,20200619,,,,20210331,
3,Y,622351402,27,ゾレドロン酸点滴静注４ｍｇ／１００ｍＬバッグ「ＫＣＣ」,20,ｿﾞﾚﾄﾞﾛﾝｻﾝﾃﾝﾃｷｼﾞｮｳﾁｭｳ,20,1,袋,1,8811,0,0,0,0,1,0,0,0,100,0,0,0,0,0,0,4,,20200619,99999999,3999423A3110,0,0,ゾレドロン酸点滴静注４ｍｇ／１００ｍＬバッグ「ＫＣＣ」
3,Y,622432302,30,イオパミドール３７０注シリンジ６５ｍＬ「ＦＦ」　７５．５２％,20,ｲｵﾊﾟﾐﾄﾞｰﾙ370ﾁｭｳｼﾘﾝｼﾞ,47,1,筒,1,2725,0,0,0,0,1,0,0,1,65,8,622767100,0,0,0,0,4,,20200619,99999999,7219412P3016,0,0,イオパミドール３７０注シリンジ６５ｍＬ「ＦＦ」
3,Y,622688800,20,Ｄ－マンニトール注射液　２０％３００ｍＬ,15,D-ﾏﾝﾆﾄｰﾙﾁｭｳｼｬｴｷ,20,1,袋,1,454,0,0,0,0,0,0,0,0,300,1,0,0,0,0,0,4,,20200619,99999999,2190400A5010,0,0,Ｄ－マンニトール注射液
3,Y,622688801,23,２０％マンニットール注射液「ＹＤ」　３００ｍＬ,19,20%ﾏﾝﾆｯﾄｰﾙﾁｭｳｼｬｴｷYD,20,1,袋,1,454,0,0,0,0,0,0,0,0,300,1,622688800,0,0,0,0,4,,20200619,99999999,2190400A5010,0,0,２０％マンニットール注射液「ＹＤ」
3,Y,622688901,17,マンニットールＳ注射液　３００ｍＬ,15,ﾏﾝﾆｯﾄｰﾙSﾁｭｳｼｬｴｷ,20,1,袋,1,480,0,0,0,0,0,0,0,0,300,0,0,0,0,0,0,4,,20200619,99999999,3239501A3026,0,0,マンニットールＳ注射液
3,Y,622697801,18,イミダフェナシン錠０．１ｍｇ「杏林」,20,ｲﾐﾀﾞﾌｪﾅｼﾝｼﾞｮｳ0.1MGｷｮ,16,1,錠,1,34.8,0,0,0,0,1,0,0,0,0,0,0,0,0,0,0,1,,20200619,99999999,2590013F1060,0,0,イミダフェナシン錠０．１ｍｇ「杏林」
3,Y,622697901,20,イミダフェナシンＯＤ錠０．１ｍｇ「杏林」,20,ｲﾐﾀﾞﾌｪﾅｼﾝODｼﾞｮｳ0.1MG,16,1,錠,1,34.8,0,0,0,0,1,0,0,0,0,0,0,0,0,0,0,1,,20200619,99999999,2590013F2074,0,0,イミダフェナシンＯＤ錠０．１ｍｇ「杏林」
3,Y,622701301,21,メマンチン塩酸塩ＯＤ錠５ｍｇ「フェルゼン」,20,ﾒﾏﾝﾁﾝｴﾝｻﾝｴﾝODｼﾞｮｳ5MG,16,1,錠,1,51.1,0,0,0,0,1,0,0,0,0,0,0,0,0,0,0,1,,20200619,99999999,1190018F4235,0,0,メマンチン塩酸塩ＯＤ錠５ｍｇ「フェルゼン」
3,Y,622701401,22,メマンチン塩酸塩ＯＤ錠１０ｍｇ「フェルゼン」,20,ﾒﾏﾝﾁﾝｴﾝｻﾝｴﾝODｼﾞｮｳ10M,16,1,錠,1,91.5,0,0,0,0,1,0,0,0,0,0,0,0,0,0,0,1,,20200619,99999999,1190018F5231,0,0,メマンチン塩酸塩ＯＤ錠１０ｍｇ「フェルゼン」
3,Y,622701501,22,メマンチン塩酸塩ＯＤ錠２０ｍｇ「フェルゼン」,20,ﾒﾏﾝﾁﾝｴﾝｻﾝｴﾝODｼﾞｮｳ20M,16,1,錠,1,163.6,0,0,0,0,1,0,0,0,0,0,0,0,0,0,0,1,,20200619,99999999,1190018F6238,0,0,メマンチン塩酸塩ＯＤ錠２０ｍｇ「フェルゼン」
3,Y,622704001,16,エゼチミブ錠１０ｍｇ「ＤＳＥＰ」,19,ｴｾﾞﾁﾐﾌﾞｼﾞｮｳ10MGDSEP,16,1,錠,1,63.1,0,0,0,0,1,0,0,0,0,0,0,0,0,0,0,1,,20200619,99999999,2189018F1035,0,0,エゼチミブ錠１０ｍｇ「ＤＳＥＰ」
3,Y,622704101,17,エゼチミブ錠１０ｍｇ「フェルゼン」,20,ｴｾﾞﾁﾐﾌﾞｼﾞｮｳ10MGﾌｪﾙｾﾞ,16,1,錠,1,63.1,0,0,0,0,1,0,0,0,0,0,0,0,0,0,0,1,,20200619,99999999,2189018F1205,0,0,エゼチミブ錠１０ｍｇ「フェルゼン」
3,Y,622704201,19,セレコキシブ錠１００ｍｇ「フェルゼン」,20,ｾﾚｺｷｼﾌﾞｼﾞｮｳ100MGﾌｪﾙｾ,16,1,錠,1,19.6,0,0,0,0,1,0,0,0,0,0,0,0,0,0,0,1,,20200619,99999999,1149037F1194,0,0,セレコキシブ錠１００ｍｇ「フェルゼン」
3,Y,622704301,19,セレコキシブ錠２００ｍｇ「フェルゼン」,20,ｾﾚｺｷｼﾌﾞｼﾞｮｳ200MGﾌｪﾙｾ,16,1,錠,1,30.2,0,0,0,0,1,0,0,0,0,0,0,0,0,0,0,1,,20200619,99999999,1149037F2190,0,0,セレコキシブ錠２００ｍｇ「フェルゼン」
3,Y,622704401,21,レボセチリジン塩酸塩錠５ｍｇ「フェルゼン」,20,ﾚﾎﾞｾﾁﾘｼﾞﾝｴﾝｻﾝｴﾝｼﾞｮｳ5,16,1,錠,1,33,0,0,0,0,1,0,0,0,0,0,0,0,0,0,0,1,,20200619,99999999,4490028F1191,0,0,レボセチリジン塩酸塩錠５ｍｇ「フェルゼン」
3,Y,622704501,23,デュタステリドカプセル０．５ｍｇＡＶ「ＢＭＤ」,20,ﾃﾞｭﾀｽﾃﾘﾄﾞｶﾌﾟｾﾙ0.5MGA,15,4,カプセル,1,59.3,0,0,0,0,1,0,0,0,0,0,0,0,0,0,0,1,,20200619,99999999,2499011M1043,0,0,デュタステリドカプセル０．５ｍｇＡＶ「ＢＭＤ」
3,Y,622704601,19,メマンチン塩酸塩ＯＤ錠５ｍｇ「タカタ」,20,ﾒﾏﾝﾁﾝｴﾝｻﾝｴﾝODｼﾞｮｳ5MG,16,1,錠,1,51.1,0,0,0,0,1,0,0,0,0,0,0,0,0,0,0,1,,20200619,99999999,1190018F4170,0,0,メマンチン塩酸塩ＯＤ錠５ｍｇ「タカタ」
3,Y,622704701,20,メマンチン塩酸塩ＯＤ錠１０ｍｇ「タカタ」,20,ﾒﾏﾝﾁﾝｴﾝｻﾝｴﾝODｼﾞｮｳ10M,16,1,錠,1,91.5,0,0,0,0,1,0,0,0,0,0,0,0,0,0,0,1,,20200619,99999999,1190018F5177,0,0,メマンチン塩酸塩ＯＤ錠１０ｍｇ「タカタ」
3,Y,622704801,20,メマンチン塩酸塩ＯＤ錠２０ｍｇ「タカタ」,20,ﾒﾏﾝﾁﾝｴﾝｻﾝｴﾝODｼﾞｮｳ20M,16,1,錠,1,163.6,0,0,0,0,1,0,0,0,0,0,0,0,0,0,0,1,,20200619,99999999,1190018F6173,0,0,メマンチン塩酸塩ＯＤ錠２０ｍｇ「タカタ」
3,Y,622704901,21,レボセチリジン塩酸塩錠２．５ｍｇ「タカタ」,20,ﾚﾎﾞｾﾁﾘｼﾞﾝｴﾝｻﾝｴﾝｼﾞｮｳ2,16,1,錠,1,25.2,0,0,0,0,1,0,0,0,0,0,0,0,0,0,0,1,,20200619,99999999,4490028F2066,0,0,レボセチリジン塩酸塩錠２．５ｍｇ「タカタ」
3,Y,622705001,19,レボセチリジン塩酸塩錠５ｍｇ「タカタ」,20,ﾚﾎﾞｾﾁﾘｼﾞﾝｴﾝｻﾝｴﾝｼﾞｮｳ5,16,1,錠,1,33,0,0,0,0,1,0,0,0,0,0,0,0,0,0,0,1,,20200619,99999999,4490028F1132,0,0,レボセチリジン塩酸塩錠５ｍｇ「タカタ」
3,Y,622705101,23,レボセチリジン塩酸塩ＯＤ錠２．５ｍｇ「タカタ」,20,ﾚﾎﾞｾﾁﾘｼﾞﾝｴﾝｻﾝｴﾝODｼﾞｮ,16,1,錠,1,25.2,0,0,0,0,1,0,0,0,0,0,0,0,0,0,0,1,,20200619,99999999,4490028F3046,0,0,レボセチリジン塩酸塩ＯＤ錠２．５ｍｇ「タカタ」
3,Y,622705201,21,レボセチリジン塩酸塩ＯＤ錠５ｍｇ「タカタ」,20,ﾚﾎﾞｾﾁﾘｼﾞﾝｴﾝｻﾝｴﾝODｼﾞｮ,16,1,錠,1,33,0,0,0,0,1,0,0,0,0,0,0,0,0,0,0,1,,20200619,99999999,4490028F4050,0,0,レボセチリジン塩酸塩ＯＤ錠５ｍｇ「タカタ」
3,Y,622705301,21,レボセチリジン塩酸塩ＤＳ０．５％「タカタ」,20,ﾚﾎﾞｾﾁﾘｼﾞﾝｴﾝｻﾝｴﾝDS0.5,33,1,ｇ,1,77,0,0,0,0,1,0,0,0,0,0,0,0,0,0,0,1,,20200619,99999999,4490028R1058,0,0,レボセチリジン塩酸塩ＤＳ０．５％「タカタ」
3,Y,622705401,12,ザイザルＯＤ錠２．５ｍｇ,17,ｻﾞｲｻﾞﾙODｼﾞｮｳ2.5MG,16,1,錠,1,64.5,0,0,0,0,0,0,0,0,0,0,0,0,0,0,0,1,,20200619,99999999,4490028F3020,0,0,ザイザルＯＤ錠２．５ｍｇ
3,Y,622705501,10,ザイザルＯＤ錠５ｍｇ,15,ｻﾞｲｻﾞﾙODｼﾞｮｳ5MG,16,1,錠,1,82.5,0,0,0,0,0,0,0,0,0,0,0,0,0,0,0,1,,20200619,99999999,4490028F4026,0,0,ザイザルＯＤ錠５ｍｇ
5,Y,622775300,,,,,,,,,,,,1,,,,,,,,,,,,,,,20200401,,,,,
5,Y,622775400,,,,,,,,,,,,1,,,,,,,,,,,,,,,20200401,,,,,
3,Y,622782901,18,ガランタミンＯＤ錠４ｍｇ「ＤＳＥＰ」,20,ｶﾞﾗﾝﾀﾐﾝODｼﾞｮｳ4MGDSEP,16,1,錠,1,51.9,0,0,0,0,1,0,0,0,0,0,0,0,0,0,0,1,,20200619,99999999,1190019F4035,0,0,ガランタミンＯＤ錠４ｍｇ「ＤＳＥＰ」
3,Y,622783001,18,ガランタミンＯＤ錠８ｍｇ「ＤＳＥＰ」,20,ｶﾞﾗﾝﾀﾐﾝODｼﾞｮｳ8MGDSEP,16,1,錠,1,77,0,0,0,0,1,0,0,0,0,0,0,0,0,0,0,1,,20200619,99999999,1190019F5031,0,0,ガランタミンＯＤ錠８ｍｇ「ＤＳＥＰ」
3,Y,622783101,19,ガランタミンＯＤ錠１２ｍｇ「ＤＳＥＰ」,20,ｶﾞﾗﾝﾀﾐﾝODｼﾞｮｳ12MGDSE,16,1,錠,1,97,0,0,0,0,1,0,0,0,0,0,0,0,0,0,0,1,,20200619,99999999,1190019F6038,0,0,ガランタミンＯＤ錠１２ｍｇ「ＤＳＥＰ」
3,Y,622783201,18,セレコキシブ錠１００ｍｇ「ＤＳＥＰ」,20,ｾﾚｺｷｼﾌﾞｼﾞｮｳ100MGDSEP,16,1,錠,1,19.6,0,0,0,0,1,0,0,0,0,0,0,0,0,0,0,1,,20200619,99999999,1149037F1038,0,0,セレコキシブ錠１００ｍｇ「ＤＳＥＰ」
3,Y,622783301,18,セレコキシブ錠２００ｍｇ「ＤＳＥＰ」,20,ｾﾚｺｷｼﾌﾞｼﾞｮｳ200MGDSEP,16,1,錠,1,30.2,0,0,0,0,1,0,0,0,0,0,0,0,0,0,0,1,,20200619,99999999,1149037F2034,0,0,セレコキシブ錠２００ｍｇ「ＤＳＥＰ」
3,Y,622783401,21,デュタステリド錠０．５ｍｇＡＶ「ＤＳＥＰ」,20,ﾃﾞｭﾀｽﾃﾘﾄﾞｼﾞｮｳ0.5MGAV,16,1,錠,1,59.3,0,0,0,0,1,0,0,0,0,0,0,0,0,0,0,1,,20200619,99999999,2499011F1028,0,0,デュタステリド錠０．５ｍｇＡＶ「ＤＳＥＰ」
3,Y,622783501,24,デュタステリドカプセル０．５ｍｇＡＶ「ＤＳＥＰ」,20,ﾃﾞｭﾀｽﾃﾘﾄﾞｶﾌﾟｾﾙ0.5MGA,15,4,カプセル,1,59.3,0,0,0,0,1,0,0,0,0,0,0,0,0,0,0,1,,20200619,99999999,2499011M1051,0,0,デュタステリドカプセル０．５ｍｇＡＶ「ＤＳＥＰ」
3,Y,622783601,18,メマンチン塩酸塩錠５ｍｇ「ＤＳＥＰ」,20,ﾒﾏﾝﾁﾝｴﾝｻﾝｴﾝｼﾞｮｳ5MGDS,16,1,錠,1,51.1,0,0,0,0,1,0,0,0,0,0,0,0,0,0,0,1,,20200619,99999999,1190018F1031,0,0,メマンチン塩酸塩錠５ｍｇ「ＤＳＥＰ」
3,Y,622783701,19,メマンチン塩酸塩錠１０ｍｇ「ＤＳＥＰ」,20,ﾒﾏﾝﾁﾝｴﾝｻﾝｴﾝｼﾞｮｳ10MGD,16,1,錠,1,91.5,0,0,0,0,1,0,0,0,0,0,0,0,0,0,0,1,,20200619,99999999,1190018F2038,0,0,メマンチン塩酸塩錠１０ｍｇ「ＤＳＥＰ」
3,Y,622783801,19,メマンチン塩酸塩錠２０ｍｇ「ＤＳＥＰ」,20,ﾒﾏﾝﾁﾝｴﾝｻﾝｴﾝｼﾞｮｳ20MGD,16,1,錠,1,163.6,0,0,0,0,1,0,0,0,0,0,0,0,0,0,0,1,,20200619,99999999,1190018F3034,0,0,メマンチン塩酸塩錠２０ｍｇ「ＤＳＥＰ」
3,Y,622783901,20,メマンチン塩酸塩ＯＤ錠５ｍｇ「ＤＳＥＰ」,20,ﾒﾏﾝﾁﾝｴﾝｻﾝｴﾝODｼﾞｮｳ5MG,16,1,錠,1,51.1,0,0,0,0,1,0,0,0,0,0,0,0,0,0,0,1,,20200619,99999999,1190018F4030,0,0,メマンチン塩酸塩ＯＤ錠５ｍｇ「ＤＳＥＰ」
3,Y,622784001,21,メマンチン塩酸塩ＯＤ錠１０ｍｇ「ＤＳＥＰ」,20,ﾒﾏﾝﾁﾝｴﾝｻﾝｴﾝODｼﾞｮｳ10M,16,1,錠,1,91.5,0,0,0,0,1,0,0,0,0,0,0,0,0,0,0,1,,20200619,99999999,1190018F5037,0,0,メマンチン塩酸塩ＯＤ錠１０ｍｇ「ＤＳＥＰ」
3,Y,622784101,21,メマンチン塩酸塩ＯＤ錠２０ｍｇ「ＤＳＥＰ」,20,ﾒﾏﾝﾁﾝｴﾝｻﾝｴﾝODｼﾞｮｳ20M,16,1,錠,1,163.6,0,0,0,0,1,0,0,0,0,0,0,0,0,0,0,1,,20200619,99999999,1190018F6033,0,0,メマンチン塩酸塩ＯＤ錠２０ｍｇ「ＤＳＥＰ」
3,Y,622784501,20,ラベプラゾールＮａ錠５ｍｇ「ファイザー」,20,ﾗﾍﾞﾌﾟﾗｿﾞｰﾙNAｼﾞｮｳ5MGﾌ,16,1,錠,1,25.1,0,0,0,0,1,0,0,0,0,0,0,0,0,0,0,1,,20200619,99999999,2329028F3115,0,0,ラベプラゾールＮａ錠５ｍｇ「ファイザー」
3,Y,622784801,20,モキシフロキサシン点眼液０．５％「日点」,20,ﾓｷｼﾌﾛｷｻｼﾝﾃﾝｶﾞﾝｴｷ0.5%,36,2,ｍＬ,1,48.8,0,0,0,0,1,0,0,0,0,0,0,0,0,0,0,6,,20200619,99999999,1319753Q1037,0,0,モキシフロキサシン点眼液０．５％「日点」
3,Y,622784901,16,エゼチミブ錠１０ｍｇ「ケミファ」,19,ｴｾﾞﾁﾐﾌﾞｼﾞｮｳ10MGｹﾐﾌｧ,16,1,錠,1,63.1,0,0,0,0,1,0,0,0,0,0,0,0,0,0,0,1,,20200619,99999999,2189018F1124,0,0,エゼチミブ錠１０ｍｇ「ケミファ」
3,Y,622785001,18,セレコキシブ錠１００ｍｇ「ケミファ」,20,ｾﾚｺｷｼﾌﾞｼﾞｮｳ100MGｹﾐﾌｧ,16,1,錠,1,19.6,0,0,0,0,1,0,0,0,0,0,0,0,0,0,0,1,,20200619,99999999,1149037F1100,0,0,セレコキシブ錠１００ｍｇ「ケミファ」
3,Y,622785101,18,セレコキシブ錠２００ｍｇ「ケミファ」,20,ｾﾚｺｷｼﾌﾞｼﾞｮｳ200MGｹﾐﾌｧ,16,1,錠,1,30.2,0,0,0,0,1,0,0,0,0,0,0,0,0,0,0,1,,20200619,99999999,1149037F2107,0,0,セレコキシブ錠２００ｍｇ「ケミファ」
3,Y,622785201,19,デュタステリド錠０．５ｍｇＡＶ「ＮＳ」,20,ﾃﾞｭﾀｽﾃﾘﾄﾞｼﾞｮｳ0.5MGAV,16,1,錠,1,59.3,0,0,0,0,1,0,0,0,0,0,0,0,0,0,0,1,,20200619,99999999,2499011F1036,0,0,デュタステリド錠０．５ｍｇＡＶ「ＮＳ」
3,Y,622785301,20,メマンチン塩酸塩ＯＤ錠５ｍｇ「ケミファ」,20,ﾒﾏﾝﾁﾝｴﾝｻﾝｴﾝODｼﾞｮｳ5MG,16,1,錠,1,51.1,0,0,0,0,1,0,0,0,0,0,0,0,0,0,0,1,,20200619,99999999,1190018F4146,0,0,メマンチン塩酸塩ＯＤ錠５ｍｇ「ケミファ」
3,Y,622785401,21,メマンチン塩酸塩ＯＤ錠１０ｍｇ「ケミファ」,20,ﾒﾏﾝﾁﾝｴﾝｻﾝｴﾝODｼﾞｮｳ10M,16,1,錠,1,91.5,0,0,0,0,1,0,0,0,0,0,0,0,0,0,0,1,,20200619,99999999,1190018F5142,0,0,メマンチン塩酸塩ＯＤ錠１０ｍｇ「ケミファ」
3,Y,622785501,21,メマンチン塩酸塩ＯＤ錠１５ｍｇ「ケミファ」,20,ﾒﾏﾝﾁﾝｴﾝｻﾝｴﾝODｼﾞｮｳ15M,16,1,錠,1,128.5,0,0,0,0,1,0,0,0,0,0,0,0,0,0,0,1,,20200619,99999999,1190018F7048,0,0,メマンチン塩酸塩ＯＤ錠１５ｍｇ「ケミファ」
3,Y,622785601,21,メマンチン塩酸塩ＯＤ錠２０ｍｇ「ケミファ」,20,ﾒﾏﾝﾁﾝｴﾝｻﾝｴﾝODｼﾞｮｳ20M,16,1,錠,1,163.6,0,0,0,0,1,0,0,0,0,0,0,0,0,0,0,1,,20200619,99999999,1190018F6149,0,0,メマンチン塩酸塩ＯＤ錠２０ｍｇ「ケミファ」
3,Y,622785701,21,ラベプラゾールナトリウム錠５ｍｇ「ＮＰＩ」,20,ﾗﾍﾞﾌﾟﾗｿﾞｰﾙﾅﾄﾘｳﾑｼﾞｮｳ5,16,1,錠,1,7.8,0,0,0,0,1,0,0,0,0,0,0,0,0,0,0,1,,20200619,99999999,2329028F3140,0,0,ラベプラゾールナトリウム錠５ｍｇ「ＮＰＩ」
3,Y,622785801,18,イミダフェナシン錠０．１ｍｇ「ＹＤ」,20,ｲﾐﾀﾞﾌｪﾅｼﾝｼﾞｮｳ0.1MGYD,16,1,錠,1,34.8,0,0,0,0,1,0,0,0,0,0,0,0,0,0,0,1,,20200619,99999999,2590013F1051,0,0,イミダフェナシン錠０．１ｍｇ「ＹＤ」
3,Y,622785901,20,イミダフェナシンＯＤ錠０．１ｍｇ「ＹＤ」,20,ｲﾐﾀﾞﾌｪﾅｼﾝODｼﾞｮｳ0.1MG,16,1,錠,1,34.8,0,0,0,0,1,0,0,0,0,0,0,0,0,0,0,1,,20200619,99999999,2590013F2066,0,0,イミダフェナシンＯＤ錠０．１ｍｇ「ＹＤ」
3,Y,622786001,14,エゼチミブ錠１０ｍｇ「ＹＤ」,17,ｴｾﾞﾁﾐﾌﾞｼﾞｮｳ10MGYD,16,1,錠,1,63.1,0,0,0,0,1,0,0,0,0,0,0,0,0,0,0,1,,20200619,99999999,2189018F1094,0,0,エゼチミブ錠１０ｍｇ「ＹＤ」
3,Y,622786101,16,ガランタミンＯＤ錠４ｍｇ「ＹＤ」,18,ｶﾞﾗﾝﾀﾐﾝODｼﾞｮｳ4MGYD,16,1,錠,1,51.9,0,0,0,0,1,0,0,0,0,0,0,0,0,0,0,1,,20200619,99999999,1190019F4051,0,0,ガランタミンＯＤ錠４ｍｇ「ＹＤ」
3,Y,622786201,16,ガランタミンＯＤ錠８ｍｇ「ＹＤ」,18,ｶﾞﾗﾝﾀﾐﾝODｼﾞｮｳ8MGYD,16,1,錠,1,77,0,0,0,0,1,0,0,0,0,0,0,0,0,0,0,1,,20200619,99999999,1190019F5058,0,0,ガランタミンＯＤ錠８ｍｇ「ＹＤ」
3,Y,622786301,17,ガランタミンＯＤ錠１２ｍｇ「ＹＤ」,19,ｶﾞﾗﾝﾀﾐﾝODｼﾞｮｳ12MGYD,16,1,錠,1,97,0,0,0,0,1,0,0,0,0,0,0,0,0,0,0,1,,20200619,99999999,1190019F6054,0,0,ガランタミンＯＤ錠１２ｍｇ「ＹＤ」
3,Y,622786401,16,セレコキシブ錠１００ｍｇ「ＹＤ」,18,ｾﾚｺｷｼﾌﾞｼﾞｮｳ100MGYD,16,1,錠,1,19.6,0,0,0,0,1,0,0,0,0,0,0,0,0,0,0,1,,20200619,99999999,1149037F1062,0,0,セレコキシブ錠１００ｍｇ「ＹＤ」
3,Y,622786501,16,セレコキシブ錠２００ｍｇ「ＹＤ」,18,ｾﾚｺｷｼﾌﾞｼﾞｮｳ200MGYD,16,1,錠,1,30.2,0,0,0,0,1,0,0,0,0,0,0,0,0,0,0,1,,20200619,99999999,1149037F2069,0,0,セレコキシブ錠２００ｍｇ「ＹＤ」
3,Y,622786601,19,デュタステリド錠０．５ｍｇＡＶ「ＹＤ」,20,ﾃﾞｭﾀｽﾃﾘﾄﾞｼﾞｮｳ0.5MGAV,16,1,錠,1,59.3,0,0,0,0,1,0,0,0,0,0,0,0,0,0,0,1,,20200619,99999999,2499011F1044,0,0,デュタステリド錠０．５ｍｇＡＶ「ＹＤ」
3,Y,622786701,18,メマンチン塩酸塩ＯＤ錠５ｍｇ「ＹＤ」,20,ﾒﾏﾝﾁﾝｴﾝｻﾝｴﾝODｼﾞｮｳ5MG,16,1,錠,1,51.1,0,0,0,0,1,0,0,0,0,0,0,0,0,0,0,1,,20200619,99999999,1190018F4081,0,0,メマンチン塩酸塩ＯＤ錠５ｍｇ「ＹＤ」
3,Y,622786801,19,メマンチン塩酸塩ＯＤ錠１０ｍｇ「ＹＤ」,20,ﾒﾏﾝﾁﾝｴﾝｻﾝｴﾝODｼﾞｮｳ10M,16,1,錠,1,91.5,0,0,0,0,1,0,0,0,0,0,0,0,0,0,0,1,,20200619,99999999,1190018F5088,0,0,メマンチン塩酸塩ＯＤ錠１０ｍｇ「ＹＤ」
3,Y,622786901,19,メマンチン塩酸塩ＯＤ錠２０ｍｇ「ＹＤ」,20,ﾒﾏﾝﾁﾝｴﾝｻﾝｴﾝODｼﾞｮｳ20M,16,1,錠,1,163.6,0,0,0,0,1,0,0,0,0,0,0,0,0,0,0,1,,20200619,99999999,1190018F6084,0,0,メマンチン塩酸塩ＯＤ錠２０ｍｇ「ＹＤ」
3,Y,622787001,17,ラベプラゾールＮａ錠５ｍｇ「ＹＤ」,20,ﾗﾍﾞﾌﾟﾗｿﾞｰﾙNAｼﾞｮｳ5MGY,16,1,錠,1,18.3,0,0,0,0,1,0,0,0,0,0,0,0,0,0,0,1,,20200619,99999999,2329028F3050,0,0,ラベプラゾールＮａ錠５ｍｇ「ＹＤ」
3,Y,622787101,20,レボセチリジン塩酸塩錠２．５ｍｇ「ＹＤ」,20,ﾚﾎﾞｾﾁﾘｼﾞﾝｴﾝｻﾝｴﾝｼﾞｮｳ2,16,1,錠,1,25.2,0,0,0,0,1,0,0,0,0,0,0,0,0,0,0,1,,20200619,99999999,4490028F2040,0,0,レボセチリジン塩酸塩錠２．５ｍｇ「ＹＤ」
3,Y,622787201,18,レボセチリジン塩酸塩錠５ｍｇ「ＹＤ」,20,ﾚﾎﾞｾﾁﾘｼﾞﾝｴﾝｻﾝｴﾝｼﾞｮｳ5,16,1,錠,1,33,0,0,0,0,1,0,0,0,0,0,0,0,0,0,0,1,,20200619,99999999,4490028F1086,0,0,レボセチリジン塩酸塩錠５ｍｇ「ＹＤ」
3,Y,622787301,22,レボセチリジン塩酸塩ＯＤ錠２．５ｍｇ「ＹＤ」,20,ﾚﾎﾞｾﾁﾘｼﾞﾝｴﾝｻﾝｴﾝODｼﾞｮ,16,1,錠,1,25.2,0,0,0,0,1,0,0,0,0,0,0,0,0,0,0,1,,20200619,99999999,4490028F3038,0,0,レボセチリジン塩酸塩ＯＤ錠２．５ｍｇ「ＹＤ」
3,Y,622787401,20,レボセチリジン塩酸塩ＯＤ錠５ｍｇ「ＹＤ」,20,ﾚﾎﾞｾﾁﾘｼﾞﾝｴﾝｻﾝｴﾝODｼﾞｮ,16,1,錠,1,33,0,0,0,0,1,0,0,0,0,0,0,0,0,0,0,1,,20200619,99999999,4490028F4034,0,0,レボセチリジン塩酸塩ＯＤ錠５ｍｇ「ＹＤ」
3,Y,622787501,25,レボセチリジン塩酸塩ドライシロップ０．５％「ＹＤ」,20,ﾚﾎﾞｾﾁﾘｼﾞﾝｴﾝｻﾝｴﾝﾄﾞﾗｲｼ,33,1,ｇ,1,77,0,0,0,0,1,0,0,0,0,0,0,0,0,0,0,1,,20200619,99999999,4490028R1031,0,0,レボセチリジン塩酸塩ドライシロップ０．５％「ＹＤ」
3,Y,622787601,17,セレコキシブ錠１００ｍｇ「日医工」,20,ｾﾚｺｷｼﾌﾞｼﾞｮｳ100MGﾆﾁｲｺ,16,1,錠,1,19.6,0,0,0,0,1,0,0,0,0,0,0,0,0,0,0,1,,20200619,99999999,1149037F1151,0,0,セレコキシブ錠１００ｍｇ「日医工」
3,Y,622787701,17,セレコキシブ錠２００ｍｇ「日医工」,20,ｾﾚｺｷｼﾌﾞｼﾞｮｳ200MGﾆﾁｲｺ,16,1,錠,1,30.2,0,0,0,0,1,0,0,0,0,0,0,0,0,0,0,1,,20200619,99999999,1149037F2158,0,0,セレコキシブ錠２００ｍｇ「日医工」
3,Y,622787801,21,レボセチリジン塩酸塩錠２．５ｍｇ「日医工」,20,ﾚﾎﾞｾﾁﾘｼﾞﾝｴﾝｻﾝｴﾝｼﾞｮｳ2,16,1,錠,1,25.2,0,0,0,0,1,0,0,0,0,0,0,0,0,0,0,1,,20200619,99999999,4490028F2074,0,0,レボセチリジン塩酸塩錠２．５ｍｇ「日医工」
3,Y,622787901,19,レボセチリジン塩酸塩錠５ｍｇ「日医工」,20,ﾚﾎﾞｾﾁﾘｼﾞﾝｴﾝｻﾝｴﾝｼﾞｮｳ5,16,1,錠,1,33,0,0,0,0,1,0,0,0,0,0,0,0,0,0,0,1,,20200619,99999999,4490028F1167,0,0,レボセチリジン塩酸塩錠５ｍｇ「日医工」
3,Y,622788001,23,エルデカルシトールカプセル０．５μｇ「日医工」,20,ｴﾙﾃﾞｶﾙｼﾄｰﾙｶﾌﾟｾﾙ0.5ﾏｲ,15,4,カプセル,1,24.9,0,0,0,0,1,0,0,0,0,0,0,0,0,0,0,1,,20200619,99999999,3112006M1049,0,0,エルデカルシトールカプセル０．５μｇ「日医工」
3,Y,622788101,24,エルデカルシトールカプセル０．７５μｇ「日医工」,20,ｴﾙﾃﾞｶﾙｼﾄｰﾙｶﾌﾟｾﾙ0.75ﾏ,15,4,カプセル,1,35.3,0,0,0,0,1,0,0,0,0,0,0,0,0,0,0,1,,20200619,99999999,3112006M2045,0,0,エルデカルシトールカプセル０．７５μｇ「日医工」
3,Y,622788201,18,ピルフェニドン錠２００ｍｇ「日医工」,20,ﾋﾟﾙﾌｪﾆﾄﾞﾝｼﾞｮｳ200MGﾆﾁ,16,1,錠,1,282.7,0,0,0,0,1,0,0,0,0,0,0,0,0,0,0,1,,20200619,99999999,3999025F1030,0,0,ピルフェニドン錠２００ｍｇ「日医工」
3,Y,622788301,17,セレコキシブ錠１００ｍｇ「トーワ」,19,ｾﾚｺｷｼﾌﾞｼﾞｮｳ100MGﾄｰﾜ,16,1,錠,1,19.6,0,0,0,0,1,0,0,0,0,0,0,0,0,0,0,1,,20200619,99999999,1149037F1143,0,0,セレコキシブ錠１００ｍｇ「トーワ」
3,Y,622788401,17,セレコキシブ錠２００ｍｇ「トーワ」,19,ｾﾚｺｷｼﾌﾞｼﾞｮｳ200MGﾄｰﾜ,16,1,錠,1,30.2,0,0,0,0,1,0,0,0,0,0,0,0,0,0,0,1,,20200619,99999999,1149037F2140,0,0,セレコキシブ錠２００ｍｇ「トーワ」
3,Y,622788501,17,メマンチン塩酸塩錠５ｍｇ「トーワ」,20,ﾒﾏﾝﾁﾝｴﾝｻﾝｴﾝｼﾞｮｳ5MGﾄｰ,16,1,錠,1,51.1,0,0,0,0,1,0,0,0,0,0,0,0,0,0,0,1,,20200619,99999999,1190018F1090,0,0,メマンチン塩酸塩錠５ｍｇ「トーワ」
3,Y,622788601,18,メマンチン塩酸塩錠１０ｍｇ「トーワ」,20,ﾒﾏﾝﾁﾝｴﾝｻﾝｴﾝｼﾞｮｳ10MGﾄ,16,1,錠,1,91.5,0,0,0,0,1,0,0,0,0,0,0,0,0,0,0,1,,20200619,99999999,1190018F2097,0,0,メマンチン塩酸塩錠１０ｍｇ「トーワ」
3,Y,622788701,18,メマンチン塩酸塩錠２０ｍｇ「トーワ」,20,ﾒﾏﾝﾁﾝｴﾝｻﾝｴﾝｼﾞｮｳ20MGﾄ,16,1,錠,1,163.6,0,0,0,0,1,0,0,0,0,0,0,0,0,0,0,1,,20200619,99999999,1190018F3093,0,0,メマンチン塩酸塩錠２０ｍｇ「トーワ」
3,Y,622788801,19,メマンチン塩酸塩ＯＤ錠５ｍｇ「トーワ」,20,ﾒﾏﾝﾁﾝｴﾝｻﾝｴﾝODｼﾞｮｳ5MG,16,1,錠,1,51.1,0,0,0,0,1,0,0,0,0,0,0,0,0,0,0,1,,20200619,99999999,1190018F4197,0,0,メマンチン塩酸塩ＯＤ錠５ｍｇ「トーワ」
3,Y,622788901,20,メマンチン塩酸塩ＯＤ錠１０ｍｇ「トーワ」,20,ﾒﾏﾝﾁﾝｴﾝｻﾝｴﾝODｼﾞｮｳ10M,16,1,錠,1,91.5,0,0,0,0,1,0,0,0,0,0,0,0,0,0,0,1,,20200619,99999999,1190018F5193,0,0,メマンチン塩酸塩ＯＤ錠１０ｍｇ「トーワ」
3,Y,622789001,20,メマンチン塩酸塩ＯＤ錠２０ｍｇ「トーワ」,20,ﾒﾏﾝﾁﾝｴﾝｻﾝｴﾝODｼﾞｮｳ20M,16,1,錠,1,163.6,0,0,0,0,1,0,0,0,0,0,0,0,0,0,0,1,,20200619,99999999,1190018F6190,0,0,メマンチン塩酸塩ＯＤ錠２０ｍｇ「トーワ」
3,Y,622789301,17,ガランタミンＯＤ錠４ｍｇ「トーワ」,19,ｶﾞﾗﾝﾀﾐﾝODｼﾞｮｳ4MGﾄｰﾜ,16,1,錠,1,51.9,0,0,0,0,1,0,0,0,0,0,0,0,0,0,0,1,,20200619,99999999,1190019F4094,0,0,ガランタミンＯＤ錠４ｍｇ「トーワ」
3,Y,622789401,17,ガランタミンＯＤ錠８ｍｇ「トーワ」,19,ｶﾞﾗﾝﾀﾐﾝODｼﾞｮｳ8MGﾄｰﾜ,16,1,錠,1,77,0,0,0,0,1,0,0,0,0,0,0,0,0,0,0,1,,20200619,99999999,1190019F5090,0,0,ガランタミンＯＤ錠８ｍｇ「トーワ」
3,Y,622789501,18,ガランタミンＯＤ錠１２ｍｇ「トーワ」,20,ｶﾞﾗﾝﾀﾐﾝODｼﾞｮｳ12MGﾄｰﾜ,16,1,錠,1,97,0,0,0,0,1,0,0,0,0,0,0,0,0,0,0,1,,20200619,99999999,1190019F6097,0,0,ガランタミンＯＤ錠１２ｍｇ「トーワ」
3,Y,622789601,15,エゼチミブ錠１０ｍｇ「トーワ」,18,ｴｾﾞﾁﾐﾌﾞｼﾞｮｳ10MGﾄｰﾜ,16,1,錠,1,63.1,0,0,0,0,1,0,0,0,0,0,0,0,0,0,0,1,,20200619,99999999,2189018F1167,0,0,エゼチミブ錠１０ｍｇ「トーワ」
3,Y,622789701,17,エゼチミブＯＤ錠１０ｍｇ「トーワ」,20,ｴｾﾞﾁﾐﾌﾞODｼﾞｮｳ10MGﾄｰﾜ,16,1,錠,1,63.1,0,0,0,0,1,0,0,0,0,0,0,0,0,0,0,1,,20200619,99999999,2189018F2023,0,0,エゼチミブＯＤ錠１０ｍｇ「トーワ」
3,Y,622789801,18,ラベプラゾールＮａ錠５ｍｇ「トーワ」,20,ﾗﾍﾞﾌﾟﾗｿﾞｰﾙNAｼﾞｮｳ5MGﾄ,16,1,錠,1,25.1,0,0,0,0,1,0,0,0,0,0,0,0,0,0,0,1,,20200619,99999999,2329028F3093,0,0,ラベプラゾールＮａ錠５ｍｇ「トーワ」
3,Y,622789901,23,デュタステリドカプセル０．５ｍｇＡＶ「トーワ」,20,ﾃﾞｭﾀｽﾃﾘﾄﾞｶﾌﾟｾﾙ0.5MGA,15,4,カプセル,1,59.3,0,0,0,0,1,0,0,0,0,0,0,0,0,0,0,1,,20200619,99999999,2499011M1116,0,0,デュタステリドカプセル０．５ｍｇＡＶ「トーワ」
3,Y,622790001,14,シロドシン錠２ｍｇ「トーワ」,16,ｼﾛﾄﾞｼﾝｼﾞｮｳ2MGﾄｰﾜ,16,1,錠,1,10.1,0,0,0,0,1,0,0,0,0,8,622737200,0,0,0,0,1,,20200619,99999999,2590010F1015,0,0,シロドシン錠２ｍｇ「トーワ」
3,Y,622790101,14,シロドシン錠４ｍｇ「トーワ」,16,ｼﾛﾄﾞｼﾝｼﾞｮｳ4MGﾄｰﾜ,16,1,錠,1,17.6,0,0,0,0,1,0,0,0,0,8,622737300,0,0,0,0,1,,20200619,99999999,2590010F2011,0,0,シロドシン錠４ｍｇ「トーワ」
3,Y,622790201,21,イミダフェナシンＯＤ錠０．１ｍｇ「トーワ」,20,ｲﾐﾀﾞﾌｪﾅｼﾝODｼﾞｮｳ0.1MG,16,1,錠,1,34.8,0,0,0,0,1,0,0,0,0,0,0,0,0,0,0,1,,20200619,99999999,2590013F2104,0,0,イミダフェナシンＯＤ錠０．１ｍｇ「トーワ」
3,Y,622790301,21,タダラフィルＯＤ錠２．５ｍｇＺＡ「トーワ」,20,ﾀﾀﾞﾗﾌｨﾙODｼﾞｮｳ2.5MGZA,16,1,錠,1,50.3,0,0,0,0,1,0,0,0,0,0,0,0,0,0,0,1,,20200619,99999999,2590016F3023,0,0,タダラフィルＯＤ錠２．５ｍｇＺＡ「トーワ」
3,Y,622790401,19,タダラフィルＯＤ錠５ｍｇＺＡ「トーワ」,20,ﾀﾀﾞﾗﾌｨﾙODｼﾞｮｳ5MGZAﾄｰ,16,1,錠,1,98.2,0,0,0,0,1,0,0,0,0,0,0,0,0,0,0,1,,20200619,99999999,2590016F4020,0,0,タダラフィルＯＤ錠５ｍｇＺＡ「トーワ」
3,Y,622790501,19,レボセチリジン塩酸塩錠５ｍｇ「トーワ」,20,ﾚﾎﾞｾﾁﾘｼﾞﾝｴﾝｻﾝｴﾝｼﾞｮｳ5,16,1,錠,1,33,0,0,0,0,1,0,0,0,0,0,0,0,0,0,0,1,,20200619,99999999,4490028F1159,0,0,レボセチリジン塩酸塩錠５ｍｇ「トーワ」
3,Y,622790601,24,レボセチリジン塩酸塩シロップ０．０５％「トーワ」,20,ﾚﾎﾞｾﾁﾘｼﾞﾝｴﾝｻﾝｴﾝｼﾛｯﾌﾟ,36,2,ｍＬ,1,7.7,0,0,0,0,1,0,0,0,0,0,0,0,0,0,0,1,,20200619,99999999,4490028Q1060,0,0,レボセチリジン塩酸塩シロップ０．０５％「トーワ」
3,Y,622790701,19,タダラフィル錠２．５ｍｇＺＡ「日医工」,20,ﾀﾀﾞﾗﾌｨﾙｼﾞｮｳ2.5MGZAﾆﾁ,16,1,錠,1,50.3,0,0,0,0,1,0,0,0,0,0,0,0,0,0,0,1,,20200619,99999999,2590016F1080,0,0,タダラフィル錠２．５ｍｇＺＡ「日医工」
3,Y,622790801,17,タダラフィル錠５ｍｇＺＡ「日医工」,20,ﾀﾀﾞﾗﾌｨﾙｼﾞｮｳ5MGZAﾆﾁｲｺ,16,1,錠,1,98.2,0,0,0,0,1,0,0,0,0,0,0,0,0,0,0,1,,20200619,99999999,2590016F2086,0,0,タダラフィル錠５ｍｇＺＡ「日医工」
3,Y,622790901,15,エゼチミブ錠１０ｍｇ「日医工」,20,ｴｾﾞﾁﾐﾌﾞｼﾞｮｳ10MGﾆﾁｲｺｳ,16,1,錠,1,63.1,0,0,0,0,1,0,0,0,0,0,0,0,0,0,0,1,,20200619,99999999,2189018F1175,0,0,エゼチミブ錠１０ｍｇ「日医工」
3,Y,622791001,21,ラベプラゾールナトリウム錠５ｍｇ「日医工」,20,ﾗﾍﾞﾌﾟﾗｿﾞｰﾙﾅﾄﾘｳﾑｼﾞｮｳ5,16,1,錠,1,18.3,0,0,0,0,1,0,0,0,0,0,0,0,0,0,0,1,,20200619,99999999,2329028F3190,0,0,ラベプラゾールナトリウム錠５ｍｇ「日医工」
3,Y,622791101,19,メマンチン塩酸塩ＯＤ錠５ｍｇ「日医工」,20,ﾒﾏﾝﾁﾝｴﾝｻﾝｴﾝODｼﾞｮｳ5MG,16,1,錠,1,51.1,0,0,0,0,1,0,0,0,0,0,0,0,0,0,0,1,,20200619,99999999,1190018F4200,0,0,メマンチン塩酸塩ＯＤ錠５ｍｇ「日医工」
3,Y,622791201,20,メマンチン塩酸塩ＯＤ錠１０ｍｇ「日医工」,20,ﾒﾏﾝﾁﾝｴﾝｻﾝｴﾝODｼﾞｮｳ10M,16,1,錠,1,91.5,0,0,0,0,1,0,0,0,0,0,0,0,0,0,0,1,,20200619,99999999,1190018F5207,0,0,メマンチン塩酸塩ＯＤ錠１０ｍｇ「日医工」
3,Y,622791301,20,メマンチン塩酸塩ＯＤ錠２０ｍｇ「日医工」,20,ﾒﾏﾝﾁﾝｴﾝｻﾝｴﾝODｼﾞｮｳ20M,16,1,錠,1,163.6,0,0,0,0,1,0,0,0,0,0,0,0,0,0,0,1,,20200619,99999999,1190018F6203,0,0,メマンチン塩酸塩ＯＤ錠２０ｍｇ「日医工」
3,Y,622791401,17,ガランタミンＯＤ錠４ｍｇ「日医工」,20,ｶﾞﾗﾝﾀﾐﾝODｼﾞｮｳ4MGﾆﾁｲｺ,16,1,錠,1,51.9,0,0,0,0,1,0,0,0,0,0,0,0,0,0,0,1,,20200619,99999999,1190019F4108,0,0,ガランタミンＯＤ錠４ｍｇ「日医工」
3,Y,622791501,17,ガランタミンＯＤ錠８ｍｇ「日医工」,20,ｶﾞﾗﾝﾀﾐﾝODｼﾞｮｳ8MGﾆﾁｲｺ,16,1,錠,1,77,0,0,0,0,1,0,0,0,0,0,0,0,0,0,0,1,,20200619,99999999,1190019F5104,0,0,ガランタミンＯＤ錠８ｍｇ「日医工」
3,Y,622791601,18,ガランタミンＯＤ錠１２ｍｇ「日医工」,20,ｶﾞﾗﾝﾀﾐﾝODｼﾞｮｳ12MGﾆﾁｲ,16,1,錠,1,97,0,0,0,0,1,0,0,0,0,0,0,0,0,0,0,1,,20200619,99999999,1190019F6100,0,0,ガランタミンＯＤ錠１２ｍｇ「日医工」
3,Y,622791701,14,ソリューゲンＦ注　５００ｍＬ,11,ｿﾘｭｰｹﾞﾝFﾁｭｳ,20,1,袋,1,176,0,0,0,0,0,0,0,0,500,0,0,0,0,0,0,4,,20200619,99999999,3319557A2060,0,0,ソリューゲンＦ注
3,Y,622791801,23,デュタステリドカプセル０．５ｍｇＡＶ「日医工」,20,ﾃﾞｭﾀｽﾃﾘﾄﾞｶﾌﾟｾﾙ0.5MGA,15,4,カプセル,1,59.3,0,0,0,0,1,0,0,0,0,0,0,0,0,0,0,1,,20200619,99999999,2499011M1124,0,0,デュタステリドカプセル０．５ｍｇＡＶ「日医工」
3,Y,622791901,15,エゼチミブ錠１０ｍｇ「ＫＭＰ」,18,ｴｾﾞﾁﾐﾌﾞｼﾞｮｳ10MGKMP,16,1,錠,1,63.1,0,0,0,0,1,0,0,0,0,0,0,0,0,0,0,1,,20200619,99999999,2189018F1051,0,0,エゼチミブ錠１０ｍｇ「ＫＭＰ」
3,Y,622792001,19,メマンチン塩酸塩ＯＤ錠５ｍｇ「ＫＭＰ」,20,ﾒﾏﾝﾁﾝｴﾝｻﾝｴﾝODｼﾞｮｳ5MG,16,1,錠,1,51.1,0,0,0,0,1,0,0,0,0,0,0,0,0,0,0,1,,20200619,99999999,1190018F4057,0,0,メマンチン塩酸塩ＯＤ錠５ｍｇ「ＫＭＰ」
3,Y,622792101,20,メマンチン塩酸塩ＯＤ錠１０ｍｇ「ＫＭＰ」,20,ﾒﾏﾝﾁﾝｴﾝｻﾝｴﾝODｼﾞｮｳ10M,16,1,錠,1,91.5,0,0,0,0,1,0,0,0,0,0,0,0,0,0,0,1,,20200619,99999999,1190018F5053,0,0,メマンチン塩酸塩ＯＤ錠１０ｍｇ「ＫＭＰ」
3,Y,622792201,20,メマンチン塩酸塩ＯＤ錠２０ｍｇ「ＫＭＰ」,20,ﾒﾏﾝﾁﾝｴﾝｻﾝｴﾝODｼﾞｮｳ20M,16,1,錠,1,163.6,0,0,0,0,1,0,0,0,0,0,0,0,0,0,0,1,,20200619,99999999,1190018F6050,0,0,メマンチン塩酸塩ＯＤ錠２０ｍｇ「ＫＭＰ」
3,Y,622792301,17,メマンチン塩酸塩錠５ｍｇ「ＫＭＰ」,20,ﾒﾏﾝﾁﾝｴﾝｻﾝｴﾝｼﾞｮｳ5MGKM,16,1,錠,1,51.1,0,0,0,0,1,0,0,0,0,0,0,0,0,0,0,1,,20200619,99999999,1190018F1040,0,0,メマンチン塩酸塩錠５ｍｇ「ＫＭＰ」
3,Y,622792401,18,メマンチン塩酸塩錠１０ｍｇ「ＫＭＰ」,20,ﾒﾏﾝﾁﾝｴﾝｻﾝｴﾝｼﾞｮｳ10MGK,16,1,錠,1,91.5,0,0,0,0,1,0,0,0,0,0,0,0,0,0,0,1,,20200619,99999999,1190018F2046,0,0,メマンチン塩酸塩錠１０ｍｇ「ＫＭＰ」
3,Y,622792501,18,メマンチン塩酸塩錠２０ｍｇ「ＫＭＰ」,20,ﾒﾏﾝﾁﾝｴﾝｻﾝｴﾝｼﾞｮｳ20MGK,16,1,錠,1,163.6,0,0,0,0,1,0,0,0,0,0,0,0,0,0,0,1,,20200619,99999999,1190018F3042,0,0,メマンチン塩酸塩錠２０ｍｇ「ＫＭＰ」
3,Y,622792601,19,レボセチリジン塩酸塩錠５ｍｇ「ＫＭＰ」,20,ﾚﾎﾞｾﾁﾘｼﾞﾝｴﾝｻﾝｴﾝｼﾞｮｳ5,16,1,錠,1,33,0,0,0,0,1,0,0,0,0,0,0,0,0,0,0,1,,20200619,99999999,4490028F1051,0,0,レボセチリジン塩酸塩錠５ｍｇ「ＫＭＰ」
3,Y,622792701,19,レボセチリジン塩酸塩錠５ｍｇ「ＴＣＫ」,20,ﾚﾎﾞｾﾁﾘｼﾞﾝｴﾝｻﾝｴﾝｼﾞｮｳ5,16,1,錠,1,33,0,0,0,0,1,0,0,0,0,0,0,0,0,0,0,1,,20200619,99999999,4490028F1078,0,0,レボセチリジン塩酸塩錠５ｍｇ「ＴＣＫ」
3,Y,622792801,21,レボセチリジン塩酸塩ＤＳ０．５％「ＴＣＫ」,20,ﾚﾎﾞｾﾁﾘｼﾞﾝｴﾝｻﾝｴﾝDS0.5,33,1,ｇ,1,77,0,0,0,0,1,0,0,0,0,0,0,0,0,0,0,1,,20200619,99999999,4490028R1023,0,0,レボセチリジン塩酸塩ＤＳ０．５％「ＴＣＫ」
3,Y,622792901,15,エゼチミブ錠１０ｍｇ「ＴＣＫ」,18,ｴｾﾞﾁﾐﾌﾞｼﾞｮｳ10MGTCK,16,1,錠,1,63.1,0,0,0,0,1,0,0,0,0,0,0,0,0,0,0,1,,20200619,99999999,2189018F1078,0,0,エゼチミブ錠１０ｍｇ「ＴＣＫ」
3,Y,622793001,19,メマンチン塩酸塩ＯＤ錠５ｍｇ「ＴＣＫ」,20,ﾒﾏﾝﾁﾝｴﾝｻﾝｴﾝODｼﾞｮｳ5MG,16,1,錠,1,51.1,0,0,0,0,1,0,0,0,0,0,0,0,0,0,0,1,,20200619,99999999,1190018F4073,0,0,メマンチン塩酸塩ＯＤ錠５ｍｇ「ＴＣＫ」
3,Y,622793101,20,メマンチン塩酸塩ＯＤ錠１０ｍｇ「ＴＣＫ」,20,ﾒﾏﾝﾁﾝｴﾝｻﾝｴﾝODｼﾞｮｳ10M,16,1,錠,1,91.5,0,0,0,0,1,0,0,0,0,0,0,0,0,0,0,1,,20200619,99999999,1190018F5070,0,0,メマンチン塩酸塩ＯＤ錠１０ｍｇ「ＴＣＫ」
3,Y,622793201,20,メマンチン塩酸塩ＯＤ錠１５ｍｇ「ＴＣＫ」,20,ﾒﾏﾝﾁﾝｴﾝｻﾝｴﾝODｼﾞｮｳ15M,16,1,錠,1,128.5,0,0,0,0,1,0,0,0,0,0,0,0,0,0,0,1,,20200619,99999999,1190018F7021,0,0,メマンチン塩酸塩ＯＤ錠１５ｍｇ「ＴＣＫ」
3,Y,622793301,20,メマンチン塩酸塩ＯＤ錠２０ｍｇ「ＴＣＫ」,20,ﾒﾏﾝﾁﾝｴﾝｻﾝｴﾝODｼﾞｮｳ20M,16,1,錠,1,163.6,0,0,0,0,1,0,0,0,0,0,0,0,0,0,0,1,,20200619,99999999,1190018F6076,0,0,メマンチン塩酸塩ＯＤ錠２０ｍｇ「ＴＣＫ」
3,Y,622793401,21,ラベプラゾールナトリウム錠５ｍｇ「ＴＣＫ」,20,ﾗﾍﾞﾌﾟﾗｿﾞｰﾙﾅﾄﾘｳﾑｼﾞｮｳ5,16,1,錠,1,25.1,0,0,0,0,1,0,0,0,0,0,0,0,0,0,0,1,,20200619,99999999,2329028F3158,0,0,ラベプラゾールナトリウム錠５ｍｇ「ＴＣＫ」
3,Y,622793501,21,イミダフェナシンＯＤ錠０．１ｍｇ「ＴＣＫ」,20,ｲﾐﾀﾞﾌｪﾅｼﾝODｼﾞｮｳ0.1MG,16,1,錠,1,34.8,0,0,0,0,1,0,0,0,0,0,0,0,0,0,0,1,,20200619,99999999,2590013F2058,0,0,イミダフェナシンＯＤ錠０．１ｍｇ「ＴＣＫ」
3,Y,622793701,22,イミダフェナシンＯＤ錠０．１ｍｇ「ツルハラ」,20,ｲﾐﾀﾞﾌｪﾅｼﾝODｼﾞｮｳ0.1MG,16,1,錠,1,34.8,0,0,0,0,1,0,0,0,0,0,0,0,0,0,0,1,,20200619,99999999,2590013F2090,0,0,イミダフェナシンＯＤ錠０．１ｍｇ「ツルハラ」
3,Y,622794001,20,ラベプラゾールＮａ塩錠５ｍｇ「オーハラ」,20,ﾗﾍﾞﾌﾟﾗｿﾞｰﾙNAｴﾝｼﾞｮｳ5M,16,1,錠,1,25.1,0,0,0,0,1,0,0,0,0,0,0,0,0,0,0,1,,20200619,99999999,2329028F3123,0,0,ラベプラゾールＮａ塩錠５ｍｇ「オーハラ」
3,Y,622794201,17,ナラトリプタン錠２．５ｍｇ「ＫＯ」,19,ﾅﾗﾄﾘﾌﾟﾀﾝｼﾞｮｳ2.5MGKO,16,1,錠,1,324.5,0,0,0,0,1,0,0,0,0,0,0,0,0,0,0,1,,20200619,99999999,2160007F1039,0,0,ナラトリプタン錠２．５ｍｇ「ＫＯ」
3,Y,622794301,14,エゼチミブ錠１０ｍｇ「ＴＥ」,17,ｴｾﾞﾁﾐﾌﾞｼﾞｮｳ10MGTE,16,1,錠,1,63.1,0,0,0,0,1,0,0,0,0,0,0,0,0,0,0,1,,20200619,99999999,2189018F1086,0,0,エゼチミブ錠１０ｍｇ「ＴＥ」
3,Y,622794401,19,ジュンコウ苓桂朮甘湯ＦＣエキス錠医療用,20,ｼﾞｭﾝｺｳﾘｮｳｹｲｼﾞｭﾂｶﾝﾄｳF,16,1,錠,1,5.9,0,0,0,0,0,0,0,0,0,0,0,0,0,0,0,1,,20200619,99999999,5200145F1033,0,0,ジュンコウ苓桂朮甘湯ＦＣエキス錠医療用
3,Y,622794501,22,ラベプラゾールナトリウム錠５ｍｇ「ケミファ」,20,ﾗﾍﾞﾌﾟﾗｿﾞｰﾙﾅﾄﾘｳﾑｼﾞｮｳ5,16,1,錠,1,25.1,0,0,0,0,1,0,0,0,0,0,0,0,0,0,0,1,,20200619,99999999,2329028F3174,0,0,ラベプラゾールナトリウム錠５ｍｇ「ケミファ」
3,Y,622794601,21,レボセチリジン塩酸塩錠２．５ｍｇ「ＣＥＯ」,20,ﾚﾎﾞｾﾁﾘｼﾞﾝｴﾝｻﾝｴﾝｼﾞｮｳ2,16,1,錠,1,25.2,0,0,0,0,1,0,0,0,0,0,0,0,0,0,0,1,,20200619,99999999,4490028F2023,0,0,レボセチリジン塩酸塩錠２．５ｍｇ「ＣＥＯ」
3,Y,622795201,16,エゼチミブ錠１０ｍｇ「武田テバ」,20,ｴｾﾞﾁﾐﾌﾞｼﾞｮｳ10MGﾀｹﾀﾞﾃ,16,1,錠,1,63.1,0,0,0,0,1,0,0,0,0,0,0,0,0,0,0,1,,20200619,99999999,2189018F1159,0,0,エゼチミブ錠１０ｍｇ「武田テバ」
3,Y,622795401,18,セレコキシブ錠１００ｍｇ「武田テバ」,20,ｾﾚｺｷｼﾌﾞｼﾞｮｳ100MGﾀｹﾀﾞ,16,1,錠,1,19.6,0,0,0,0,1,0,0,0,0,0,0,0,0,0,0,1,,20200619,99999999,1149037F1135,0,0,セレコキシブ錠１００ｍｇ「武田テバ」
3,Y,622795501,18,セレコキシブ錠２００ｍｇ「武田テバ」,20,ｾﾚｺｷｼﾌﾞｼﾞｮｳ200MGﾀｹﾀﾞ,16,1,錠,1,30.2,0,0,0,0,1,0,0,0,0,0,0,0,0,0,0,1,,20200619,99999999,1149037F2131,0,0,セレコキシブ錠２００ｍｇ「武田テバ」
3,Y,622795601,24,デュタステリドカプセル０．５ｍｇＡＶ「武田テバ」,20,ﾃﾞｭﾀｽﾃﾘﾄﾞｶﾌﾟｾﾙ0.5MGA,15,4,カプセル,1,59.3,0,0,0,0,1,0,0,0,0,0,0,0,0,0,0,1,,20200619,99999999,2499011M1108,0,0,デュタステリドカプセル０．５ｍｇＡＶ「武田テバ」
3,Y,622795701,19,ラベプラゾールＮａ錠５ｍｇ「武田テバ」,20,ﾗﾍﾞﾌﾟﾗｿﾞｰﾙNAｼﾞｮｳ5MGﾀ,16,1,錠,1,25.1,0,0,0,0,1,0,0,0,0,0,0,0,0,0,0,1,,20200619,99999999,2329028F3085,0,0,ラベプラゾールＮａ錠５ｍｇ「武田テバ」
3,Y,622795801,20,レボセチリジン塩酸塩錠５ｍｇ「武田テバ」,20,ﾚﾎﾞｾﾁﾘｼﾞﾝｴﾝｻﾝｴﾝｼﾞｮｳ5,16,1,錠,1,33,0,0,0,0,1,0,0,0,0,0,0,0,0,0,0,1,,20200619,99999999,4490028F1140,0,0,レボセチリジン塩酸塩錠５ｍｇ「武田テバ」
3,Y,622795901,18,ピオグリタゾン錠１５ｍｇ「武田テバ」,20,ﾋﾟｵｸﾞﾘﾀｿﾞﾝｼﾞｮｳ15MGﾀｹ,16,1,錠,1,19.9,0,0,0,0,1,0,0,0,0,1,0,0,0,0,0,1,,20200619,99999999,3969007F1326,0,0,ピオグリタゾン錠１５ｍｇ「武田テバ」
3,Y,622796001,18,ピオグリタゾン錠３０ｍｇ「武田テバ」,20,ﾋﾟｵｸﾞﾘﾀｿﾞﾝｼﾞｮｳ30MGﾀｹ,16,1,錠,1,38.5,0,0,0,0,1,0,0,0,0,1,0,0,0,0,0,1,,20200619,99999999,3969007F2322,0,0,ピオグリタゾン錠３０ｍｇ「武田テバ」
3,Y,622796101,22,モサプリドクエン酸塩錠２．５ｍｇ「武田テバ」,20,ﾓｻﾌﾟﾘﾄﾞｸｴﾝｻﾝｴﾝｼﾞｮｳ2.,16,1,錠,1,9.8,0,0,0,0,1,0,0,0,0,1,0,0,0,0,0,1,,20200619,99999999,2399010F1290,0,0,モサプリドクエン酸塩錠２．５ｍｇ「武田テバ」
3,Y,622796201,20,モサプリドクエン酸塩錠５ｍｇ「武田テバ」,20,ﾓｻﾌﾟﾘﾄﾞｸｴﾝｻﾝｴﾝｼﾞｮｳ5M,16,1,錠,1,10.1,0,0,0,0,1,0,0,0,0,1,0,0,0,0,0,1,,20200619,99999999,2399010F2296,0,0,モサプリドクエン酸塩錠５ｍｇ「武田テバ」
3,Y,622797301,18,セレコキシブ錠１００ｍｇ「オーハラ」,20,ｾﾚｺｷｼﾌﾞｼﾞｮｳ100MGｵｰﾊﾗ,16,1,錠,1,19.6,0,0,0,0,1,0,0,0,0,0,0,0,0,0,0,1,,20200619,99999999,1149037F1089,0,0,セレコキシブ錠１００ｍｇ「オーハラ」
3,Y,622797401,18,セレコキシブ錠２００ｍｇ「オーハラ」,20,ｾﾚｺｷｼﾌﾞｼﾞｮｳ200MGｵｰﾊﾗ,16,1,錠,1,30.2,0,0,0,0,1,0,0,0,0,0,0,0,0,0,0,1,,20200619,99999999,1149037F2085,0,0,セレコキシブ錠２００ｍｇ「オーハラ」
3,Y,622797501,23,デュタステリドカプセル０．５ｍｇＡＶ「ＡＦＰ」,20,ﾃﾞｭﾀｽﾃﾘﾄﾞｶﾌﾟｾﾙ0.5MGA,15,4,カプセル,1,59.3,0,0,0,0,1,0,0,0,0,0,0,0,0,0,0,1,,20200619,99999999,2499011M1035,0,0,デュタステリドカプセル０．５ｍｇＡＶ「ＡＦＰ」
3,Y,622797701,14,エゼチミブ錠１０ｍｇ「日新」,19,ｴｾﾞﾁﾐﾌﾞｼﾞｮｳ10MGﾆｯｼﾝ,16,1,錠,1,63.1,0,0,0,0,1,0,0,0,0,0,0,0,0,0,0,1,,20200619,99999999,2189018F1183,0,0,エゼチミブ錠１０ｍｇ「日新」
3,Y,622797801,16,セレコキシブ錠１００ｍｇ「日新」,20,ｾﾚｺｷｼﾌﾞｼﾞｮｳ100MGﾆｯｼﾝ,16,1,錠,1,19.6,0,0,0,0,1,0,0,0,0,0,0,0,0,0,0,1,,20200619,99999999,1149037F1160,0,0,セレコキシブ錠１００ｍｇ「日新」
3,Y,622797901,16,セレコキシブ錠２００ｍｇ「日新」,20,ｾﾚｺｷｼﾌﾞｼﾞｮｳ200MGﾆｯｼﾝ,16,1,錠,1,30.2,0,0,0,0,1,0,0,0,0,0,0,0,0,0,0,1,,20200619,99999999,1149037F2166,0,0,セレコキシブ錠２００ｍｇ「日新」
3,Y,622798001,18,メマンチン塩酸塩ＯＤ錠５ｍｇ「日新」,20,ﾒﾏﾝﾁﾝｴﾝｻﾝｴﾝODｼﾞｮｳ5MG,16,1,錠,1,51.1,0,0,0,0,1,0,0,0,0,0,0,0,0,0,0,1,,20200619,99999999,1190018F4219,0,0,メマンチン塩酸塩ＯＤ錠５ｍｇ「日新」
3,Y,622798101,19,メマンチン塩酸塩ＯＤ錠１０ｍｇ「日新」,20,ﾒﾏﾝﾁﾝｴﾝｻﾝｴﾝODｼﾞｮｳ10M,16,1,錠,1,91.5,0,0,0,0,1,0,0,0,0,0,0,0,0,0,0,1,,20200619,99999999,1190018F5215,0,0,メマンチン塩酸塩ＯＤ錠１０ｍｇ「日新」
3,Y,622798201,19,メマンチン塩酸塩ＯＤ錠１５ｍｇ「日新」,20,ﾒﾏﾝﾁﾝｴﾝｻﾝｴﾝODｼﾞｮｳ15M,16,1,錠,1,128.5,0,0,0,0,1,0,0,0,0,0,0,0,0,0,0,1,,20200619,99999999,1190018F7064,0,0,メマンチン塩酸塩ＯＤ錠１５ｍｇ「日新」
3,Y,622798301,19,メマンチン塩酸塩ＯＤ錠２０ｍｇ「日新」,20,ﾒﾏﾝﾁﾝｴﾝｻﾝｴﾝODｼﾞｮｳ20M,16,1,錠,1,163.6,0,0,0,0,1,0,0,0,0,0,0,0,0,0,0,1,,20200619,99999999,1190018F6211,0,0,メマンチン塩酸塩ＯＤ錠２０ｍｇ「日新」
3,Y,622798401,17,ラベプラゾールＮａ錠５ｍｇ「日新」,20,ﾗﾍﾞﾌﾟﾗｿﾞｰﾙNAｼﾞｮｳ5MGﾆ,16,1,錠,1,25.1,0,0,0,0,1,0,0,0,0,0,0,0,0,0,0,1,,20200619,99999999,2329028F3107,0,0,ラベプラゾールＮａ錠５ｍｇ「日新」
3,Y,622798501,22,レボセチリジン塩酸塩ＯＤ錠２．５ｍｇ「日新」,20,ﾚﾎﾞｾﾁﾘｼﾞﾝｴﾝｻﾝｴﾝODｼﾞｮ,16,1,錠,1,25.2,0,0,0,0,1,0,0,0,0,0,0,0,0,0,0,1,,20200619,99999999,4490028F3054,0,0,レボセチリジン塩酸塩ＯＤ錠２．５ｍｇ「日新」
3,Y,622798601,20,レボセチリジン塩酸塩ＯＤ錠５ｍｇ「日新」,20,ﾚﾎﾞｾﾁﾘｼﾞﾝｴﾝｻﾝｴﾝODｼﾞｮ,16,1,錠,1,33,0,0,0,0,1,0,0,0,0,0,0,0,0,0,0,1,,20200619,99999999,4490028F4069,0,0,レボセチリジン塩酸塩ＯＤ錠５ｍｇ「日新」
3,Y,622798701,18,ガランタミンＯＤ錠４ｍｇ「武田テバ」,20,ｶﾞﾗﾝﾀﾐﾝODｼﾞｮｳ4MGﾀｹﾀﾞ,16,1,錠,1,51.9,0,0,0,0,1,0,0,0,0,0,0,0,0,0,0,1,,20200619,99999999,1190019F4086,0,0,ガランタミンＯＤ錠４ｍｇ「武田テバ」
3,Y,622798801,18,ガランタミンＯＤ錠８ｍｇ「武田テバ」,20,ｶﾞﾗﾝﾀﾐﾝODｼﾞｮｳ8MGﾀｹﾀﾞ,16,1,錠,1,77,0,0,0,0,1,0,0,0,0,0,0,0,0,0,0,1,,20200619,99999999,1190019F5082,0,0,ガランタミンＯＤ錠８ｍｇ「武田テバ」
3,Y,622798901,19,ガランタミンＯＤ錠１２ｍｇ「武田テバ」,20,ｶﾞﾗﾝﾀﾐﾝODｼﾞｮｳ12MGﾀｹﾀ,16,1,錠,1,97,0,0,0,0,1,0,0,0,0,0,0,0,0,0,0,1,,20200619,99999999,1190019F6089,0,0,ガランタミンＯＤ錠１２ｍｇ「武田テバ」
3,Y,622799001,20,メマンチン塩酸塩ＯＤ錠５ｍｇ「武田テバ」,20,ﾒﾏﾝﾁﾝｴﾝｻﾝｴﾝODｼﾞｮｳ5MG,16,1,錠,1,51.1,0,0,0,0,1,0,0,0,0,0,0,0,0,0,0,1,,20200619,99999999,1190018F4189,0,0,メマンチン塩酸塩ＯＤ錠５ｍｇ「武田テバ」
3,Y,622799101,21,メマンチン塩酸塩ＯＤ錠１０ｍｇ「武田テバ」,20,ﾒﾏﾝﾁﾝｴﾝｻﾝｴﾝODｼﾞｮｳ10M,16,1,錠,1,91.5,0,0,0,0,1,0,0,0,0,0,0,0,0,0,0,1,,20200619,99999999,1190018F5185,0,0,メマンチン塩酸塩ＯＤ錠１０ｍｇ「武田テバ」
3,Y,622799201,21,メマンチン塩酸塩ＯＤ錠２０ｍｇ「武田テバ」,20,ﾒﾏﾝﾁﾝｴﾝｻﾝｴﾝODｼﾞｮｳ20M,16,1,錠,1,163.6,0,0,0,0,1,0,0,0,0,0,0,0,0,0,0,1,,20200619,99999999,1190018F6181,0,0,メマンチン塩酸塩ＯＤ錠２０ｍｇ「武田テバ」
3,Y,622799301,19,セレコキシブ錠１００ｍｇ「ファイザー」,20,ｾﾚｺｷｼﾌﾞｼﾞｮｳ100MGﾌｧｲｻ,16,1,錠,1,19.6,0,0,0,0,1,0,0,0,0,0,0,0,0,0,0,1,,20200619,99999999,1149037F1186,0,0,セレコキシブ錠１００ｍｇ「ファイザー」
3,Y,622799401,19,セレコキシブ錠２００ｍｇ「ファイザー」,20,ｾﾚｺｷｼﾌﾞｼﾞｮｳ200MGﾌｧｲｻ,16,1,錠,1,30.2,0,0,0,0,1,0,0,0,0,0,0,0,0,0,0,1,,20200619,99999999,1149037F2182,0,0,セレコキシブ錠２００ｍｇ「ファイザー」
3,Y,622799601,14,エゼチミブ錠１０ｍｇ「杏林」,20,ｴｾﾞﾁﾐﾌﾞｼﾞｮｳ10MGｷｮｳﾘﾝ,16,1,錠,1,63.1,0,0,0,0,1,0,0,0,0,0,0,0,0,0,0,1,,20200619,99999999,2189018F1116,0,0,エゼチミブ錠１０ｍｇ「杏林」
3,Y,622799701,16,セレコキシブ錠１００ｍｇ「杏林」,20,ｾﾚｺｷｼﾌﾞｼﾞｮｳ100MGｷｮｳﾘ,16,1,錠,1,19.6,0,0,0,0,1,0,0,0,0,0,0,0,0,0,0,1,,20200619,99999999,1149037F1097,0,0,セレコキシブ錠１００ｍｇ「杏林」
3,Y,622799801,16,セレコキシブ錠２００ｍｇ「杏林」,20,ｾﾚｺｷｼﾌﾞｼﾞｮｳ200MGｷｮｳﾘ,16,1,錠,1,30.2,0,0,0,0,1,0,0,0,0,0,0,0,0,0,0,1,,20200619,99999999,1149037F2093,0,0,セレコキシブ錠２００ｍｇ「杏林」
3,Y,622799901,18,タダラフィル錠２．５ｍｇＺＡ「杏林」,20,ﾀﾀﾞﾗﾌｨﾙｼﾞｮｳ2.5MGZAｷｮ,16,1,錠,1,50.3,0,0,0,0,1,0,0,0,0,0,0,0,0,0,0,1,,20200619,99999999,2590016F1055,0,0,タダラフィル錠２．５ｍｇＺＡ「杏林」
3,Y,622800001,16,タダラフィル錠５ｍｇＺＡ「杏林」,20,ﾀﾀﾞﾗﾌｨﾙｼﾞｮｳ5MGZAｷｮｳﾘ,16,1,錠,1,98.2,0,0,0,0,1,0,0,0,0,0,0,0,0,0,0,1,,20200619,99999999,2590016F2051,0,0,タダラフィル錠５ｍｇＺＡ「杏林」
3,Y,622800101,22,デュタステリドカプセル０．５ｍｇＡＶ「杏林」,20,ﾃﾞｭﾀｽﾃﾘﾄﾞｶﾌﾟｾﾙ0.5MGA,15,4,カプセル,1,59.3,0,0,0,0,1,0,0,0,0,0,0,0,0,0,0,1,,20200619,99999999,2499011M1086,0,0,デュタステリドカプセル０．５ｍｇＡＶ「杏林」
3,Y,622800201,18,メマンチン塩酸塩ＯＤ錠５ｍｇ「杏林」,20,ﾒﾏﾝﾁﾝｴﾝｻﾝｴﾝODｼﾞｮｳ5MG,16,1,錠,1,51.1,0,0,0,0,1,0,0,0,0,0,0,0,0,0,0,1,,20200619,99999999,1190018F4120,0,0,メマンチン塩酸塩ＯＤ錠５ｍｇ「杏林」
3,Y,622800301,19,メマンチン塩酸塩ＯＤ錠１０ｍｇ「杏林」,20,ﾒﾏﾝﾁﾝｴﾝｻﾝｴﾝODｼﾞｮｳ10M,16,1,錠,1,91.5,0,0,0,0,1,0,0,0,0,0,0,0,0,0,0,1,,20200619,99999999,1190018F5126,0,0,メマンチン塩酸塩ＯＤ錠１０ｍｇ「杏林」
3,Y,622800401,19,メマンチン塩酸塩ＯＤ錠２０ｍｇ「杏林」,20,ﾒﾏﾝﾁﾝｴﾝｻﾝｴﾝODｼﾞｮｳ20M,16,1,錠,1,163.6,0,0,0,0,1,0,0,0,0,0,0,0,0,0,0,1,,20200619,99999999,1190018F6122,0,0,メマンチン塩酸塩ＯＤ錠２０ｍｇ「杏林」
3,Y,622800501,17,ラベプラゾールＮａ錠５ｍｇ「杏林」,20,ﾗﾍﾞﾌﾟﾗｿﾞｰﾙNAｼﾞｮｳ5MGｷ,16,1,錠,1,25.1,0,0,0,0,1,0,0,0,0,0,0,0,0,0,0,1,,20200619,99999999,2329028F3069,0,0,ラベプラゾールＮａ錠５ｍｇ「杏林」
3,Y,622800601,20,レボセチリジン塩酸塩ＤＳ０．５％「杏林」,20,ﾚﾎﾞｾﾁﾘｼﾞﾝｴﾝｻﾝｴﾝDS0.5,33,1,ｇ,1,77,0,0,0,0,1,0,0,0,0,0,0,0,0,0,0,1,,20200619,99999999,4490028R1040,0,0,レボセチリジン塩酸塩ＤＳ０．５％「杏林」
3,Y,622800701,20,レボセチリジン塩酸塩錠２．５ｍｇ「杏林」,20,ﾚﾎﾞｾﾁﾘｼﾞﾝｴﾝｻﾝｴﾝｼﾞｮｳ2,16,1,錠,1,25.2,0,0,0,0,1,0,0,0,0,0,0,0,0,0,0,1,,20200619,99999999,4490028F2058,0,0,レボセチリジン塩酸塩錠２．５ｍｇ「杏林」
3,Y,622800801,18,レボセチリジン塩酸塩錠５ｍｇ「杏林」,20,ﾚﾎﾞｾﾁﾘｼﾞﾝｴﾝｻﾝｴﾝｼﾞｮｳ5,16,1,錠,1,33,0,0,0,0,1,0,0,0,0,0,0,0,0,0,0,1,,20200619,99999999,4490028F1108,0,0,レボセチリジン塩酸塩錠５ｍｇ「杏林」
3,Y,622800901,18,レボセチリジン塩酸塩錠５ｍｇ「明治」,20,ﾚﾎﾞｾﾁﾘｼﾞﾝｴﾝｻﾝｴﾝｼﾞｮｳ5,16,1,錠,1,33,0,0,0,0,1,0,0,0,0,0,0,0,0,0,0,1,,20200619,99999999,4490028F1205,0,0,レボセチリジン塩酸塩錠５ｍｇ「明治」
3,Y,622801001,19,デュタステリド錠０．５ｍｇＡＶ「明治」,20,ﾃﾞｭﾀｽﾃﾘﾄﾞｼﾞｮｳ0.5MGAV,16,1,錠,1,59.3,0,0,0,0,1,0,0,0,0,0,0,0,0,0,0,1,,20200619,99999999,2499011F1052,0,0,デュタステリド錠０．５ｍｇＡＶ「明治」
3,Y,622801101,14,エゼチミブ錠１０ｍｇ「明治」,19,ｴｾﾞﾁﾐﾌﾞｼﾞｮｳ10MGﾒｲｼﾞ,16,1,錠,1,63.1,0,0,0,0,1,0,0,0,0,0,0,0,0,0,0,1,,20200619,99999999,2189018F1213,0,0,エゼチミブ錠１０ｍｇ「明治」
3,Y,622801201,18,ラベプラゾールＮａ塩錠５ｍｇ「明治」,20,ﾗﾍﾞﾌﾟﾗｿﾞｰﾙNAｴﾝｼﾞｮｳ5M,16,1,錠,1,25.1,0,0,0,0,1,0,0,0,0,0,0,0,0,0,0,1,,20200619,99999999,2329028F3131,0,0,ラベプラゾールＮａ塩錠５ｍｇ「明治」
3,Y,622801301,16,セレコキシブ錠１００ｍｇ「明治」,20,ｾﾚｺｷｼﾌﾞｼﾞｮｳ100MGﾒｲｼﾞ,16,1,錠,1,19.6,0,0,0,0,1,0,0,0,0,0,0,0,0,0,0,1,,20200619,99999999,1149037F1216,0,0,セレコキシブ錠１００ｍｇ「明治」
3,Y,622801401,16,セレコキシブ錠２００ｍｇ「明治」,20,ｾﾚｺｷｼﾌﾞｼﾞｮｳ200MGﾒｲｼﾞ,16,1,錠,1,30.2,0,0,0,0,1,0,0,0,0,0,0,0,0,0,0,1,,20200619,99999999,1149037F2212,0,0,セレコキシブ錠２００ｍｇ「明治」
3,Y,622801501,16,メマンチン塩酸塩錠５ｍｇ「明治」,20,ﾒﾏﾝﾁﾝｴﾝｻﾝｴﾝｼﾞｮｳ5MGﾒｲ,16,1,錠,1,51.1,0,0,0,0,1,0,0,0,0,0,0,0,0,0,0,1,,20200619,99999999,1190018F1112,0,0,メマンチン塩酸塩錠５ｍｇ「明治」
3,Y,622801601,17,メマンチン塩酸塩錠１０ｍｇ「明治」,20,ﾒﾏﾝﾁﾝｴﾝｻﾝｴﾝｼﾞｮｳ10MGﾒ,16,1,錠,1,91.5,0,0,0,0,1,0,0,0,0,0,0,0,0,0,0,1,,20200619,99999999,1190018F2119,0,0,メマンチン塩酸塩錠１０ｍｇ「明治」
3,Y,622801701,17,メマンチン塩酸塩錠２０ｍｇ「明治」,20,ﾒﾏﾝﾁﾝｴﾝｻﾝｴﾝｼﾞｮｳ20MGﾒ,16,1,錠,1,163.6,0,0,0,0,1,0,0,0,0,0,0,0,0,0,0,1,,20200619,99999999,1190018F3115,0,0,メマンチン塩酸塩錠２０ｍｇ「明治」
3,Y,622801801,18,メマンチン塩酸塩ＯＤ錠５ｍｇ「明治」,20,ﾒﾏﾝﾁﾝｴﾝｻﾝｴﾝODｼﾞｮｳ5MG,16,1,錠,1,51.1,0,0,0,0,1,0,0,0,0,0,0,0,0,0,0,1,,20200619,99999999,1190018F4243,0,0,メマンチン塩酸塩ＯＤ錠５ｍｇ「明治」
3,Y,622801901,19,メマンチン塩酸塩ＯＤ錠１０ｍｇ「明治」,20,ﾒﾏﾝﾁﾝｴﾝｻﾝｴﾝODｼﾞｮｳ10M,16,1,錠,1,91.5,0,0,0,0,1,0,0,0,0,0,0,0,0,0,0,1,,20200619,99999999,1190018F5240,0,0,メマンチン塩酸塩ＯＤ錠１０ｍｇ「明治」
3,Y,622802001,19,メマンチン塩酸塩ＯＤ錠２０ｍｇ「明治」,20,ﾒﾏﾝﾁﾝｴﾝｻﾝｴﾝODｼﾞｮｳ20M,16,1,錠,1,163.6,0,0,0,0,1,0,0,0,0,0,0,0,0,0,0,1,,20200619,99999999,1190018F6246,0,0,メマンチン塩酸塩ＯＤ錠２０ｍｇ「明治」
3,Y,622802101,20,オキシコドン錠２．５ｍｇＮＸ「第一三共」,20,ｵｷｼｺﾄﾞﾝｼﾞｮｳ2.5MGNXﾀﾞ,16,1,錠,1,53.4,0,1,0,0,1,0,0,0,0,0,0,0,0,0,0,1,,20200619,99999999,8119002F5024,0,0,オキシコドン錠２．５ｍｇＮＸ「第一三共」
3,Y,622802201,18,オキシコドン錠５ｍｇＮＸ「第一三共」,20,ｵｷｼｺﾄﾞﾝｼﾞｮｳ5MGNXﾀﾞｲｲ,16,1,錠,1,98.2,0,1,0,0,1,0,0,0,0,0,0,0,0,0,0,1,,20200619,99999999,8119002F6020,0,0,オキシコドン錠５ｍｇＮＸ「第一三共」
3,Y,622802301,19,オキシコドン錠１０ｍｇＮＸ「第一三共」,20,ｵｷｼｺﾄﾞﾝｼﾞｮｳ10MGNXﾀﾞｲ,16,1,錠,1,179.3,0,1,0,0,1,0,0,0,0,0,0,0,0,0,0,1,,20200619,99999999,8119002F7027,0,0,オキシコドン錠１０ｍｇＮＸ「第一三共」
3,Y,622802401,19,オキシコドン錠２０ｍｇＮＸ「第一三共」,20,ｵｷｼｺﾄﾞﾝｼﾞｮｳ20MGNXﾀﾞｲ,16,1,錠,1,334.1,0,1,0,0,1,0,0,0,0,0,0,0,0,0,0,1,,20200619,99999999,8119002F8023,0,0,オキシコドン錠２０ｍｇＮＸ「第一三共」
3,Y,622802601,26,オンダンセトロン注４ｍｇシリンジ「マルイシ」　２ｍＬ,20,ｵﾝﾀﾞﾝｾﾄﾛﾝﾁｭｳ4MGｼﾘﾝｼﾞ,47,1,筒,1,3524,0,0,0,0,1,0,0,0,0,0,0,0,0,0,0,4,,20200619,99999999,2391401G1045,0,0,オンダンセトロン注４ｍｇシリンジ「マルイシ」
3,Y,622802701,18,メマンチン塩酸塩錠５ｍｇ「オーハラ」,20,ﾒﾏﾝﾁﾝｴﾝｻﾝｴﾝｼﾞｮｳ5MGｵｰ,16,1,錠,1,51.1,0,0,0,0,1,0,0,0,0,0,0,0,0,0,0,1,,20200619,99999999,1190018F1074,0,0,メマンチン塩酸塩錠５ｍｇ「オーハラ」
3,Y,622802801,19,メマンチン塩酸塩錠１０ｍｇ「オーハラ」,20,ﾒﾏﾝﾁﾝｴﾝｻﾝｴﾝｼﾞｮｳ10MGｵ,16,1,錠,1,91.5,0,0,0,0,1,0,0,0,0,0,0,0,0,0,0,1,,20200619,99999999,1190018F2070,0,0,メマンチン塩酸塩錠１０ｍｇ「オーハラ」
3,Y,622802901,19,メマンチン塩酸塩錠２０ｍｇ「オーハラ」,20,ﾒﾏﾝﾁﾝｴﾝｻﾝｴﾝｼﾞｮｳ20MGｵ,16,1,錠,1,163.6,0,0,0,0,1,0,0,0,0,0,0,0,0,0,0,1,,20200619,99999999,1190018F3077,0,0,メマンチン塩酸塩錠２０ｍｇ「オーハラ」
3,Y,622803001,20,メマンチン塩酸塩ＯＤ錠５ｍｇ「オーハラ」,20,ﾒﾏﾝﾁﾝｴﾝｻﾝｴﾝODｼﾞｮｳ5MG,16,1,錠,1,51.1,0,0,0,0,1,0,0,0,0,0,0,0,0,0,0,1,,20200619,99999999,1190018F4111,0,0,メマンチン塩酸塩ＯＤ錠５ｍｇ「オーハラ」
3,Y,622803101,21,メマンチン塩酸塩ＯＤ錠１０ｍｇ「オーハラ」,20,ﾒﾏﾝﾁﾝｴﾝｻﾝｴﾝODｼﾞｮｳ10M,16,1,錠,1,91.5,0,0,0,0,1,0,0,0,0,0,0,0,0,0,0,1,,20200619,99999999,1190018F5118,0,0,メマンチン塩酸塩ＯＤ錠１０ｍｇ「オーハラ」
3,Y,622803201,21,メマンチン塩酸塩ＯＤ錠２０ｍｇ「オーハラ」,20,ﾒﾏﾝﾁﾝｴﾝｻﾝｴﾝODｼﾞｮｳ20M,16,1,錠,1,163.6,0,0,0,0,1,0,0,0,0,0,0,0,0,0,0,1,,20200619,99999999,1190018F6114,0,0,メマンチン塩酸塩ＯＤ錠２０ｍｇ「オーハラ」
3,Y,622803801,16,セレコキシブ錠１００ｍｇ「三笠」,19,ｾﾚｺｷｼﾌﾞｼﾞｮｳ100MGﾐｶｻ,16,1,錠,1,19.6,0,0,0,0,1,0,0,0,0,0,0,0,0,0,0,1,,20200619,99999999,1149037F1208,0,0,セレコキシブ錠１００ｍｇ「三笠」
3,Y,622803901,16,セレコキシブ錠２００ｍｇ「三笠」,19,ｾﾚｺｷｼﾌﾞｼﾞｮｳ200MGﾐｶｻ,16,1,錠,1,30.2,0,0,0,0,1,0,0,0,0,0,0,0,0,0,0,1,,20200619,99999999,1149037F2204,0,0,セレコキシブ錠２００ｍｇ「三笠」
3,Y,622804001,32,ファスジル塩酸塩点滴静注液３０ｍｇ「ＫＣＣ」　３０．８ｍｇ２ｍＬ,20,ﾌｧｽｼﾞﾙｴﾝｻﾝｴﾝﾃﾝﾃｷｼﾞｮｳ,22,1,管,1,1194,0,0,0,0,1,0,0,0,0,0,0,0,0,0,0,4,,20200619,99999999,2190414A1041,0,0,ファスジル塩酸塩点滴静注液３０ｍｇ「ＫＣＣ」
3,Y,622804101,27,レボセチリジン塩酸塩ドライシロップ０．５％「日本臓器」,20,ﾚﾎﾞｾﾁﾘｼﾞﾝｴﾝｻﾝｴﾝﾄﾞﾗｲｼ,33,1,ｇ,1,77,0,0,0,0,1,0,0,0,0,0,0,0,0,0,0,1,,20200619,99999999,4490028R1066,0,0,レボセチリジン塩酸塩ドライシロップ０．５％「日本臓器」
3,Y,622804201,19,レボセチリジン塩酸塩錠５ｍｇ「ＣＥＯ」,20,ﾚﾎﾞｾﾁﾘｼﾞﾝｴﾝｻﾝｴﾝｼﾞｮｳ5,16,1,錠,1,33,0,0,0,0,1,0,0,0,0,0,0,0,0,0,0,1,,20200619,99999999,4490028F1035,0,0,レボセチリジン塩酸塩錠５ｍｇ「ＣＥＯ」
3,Y,622804301,15,アセトキープ３Ｇ注　５００ｍＬ,12,ｱｾﾄｷｰﾌﾟ3Gﾁｭｳ,20,1,袋,1,154,0,0,0,0,1,0,0,0,500,0,0,0,0,0,0,4,,20200619,99999999,3319562A3050,0,0,アセトキープ３Ｇ注
3,Y,622804401,12,エスロンＢ注　５００ｍＬ,8,ｴｽﾛﾝBﾁｭｳ,20,1,袋,1,196,0,0,0,0,0,0,0,0,500,0,0,0,0,0,0,4,,20200619,99999999,3319550A5106,0,0,エスロンＢ注
3,Y,622804601,14,ソリューゲンＧ注　５００ｍＬ,11,ｿﾘｭｰｹﾞﾝGﾁｭｳ,20,1,袋,1,197,0,0,0,0,0,0,0,0,500,0,0,0,0,0,0,4,,20200619,99999999,3319551A4112,0,0,ソリューゲンＧ注
3,Y,622804701,18,イミダフェナシン錠０．１ｍｇ「ＪＧ」,20,ｲﾐﾀﾞﾌｪﾅｼﾝｼﾞｮｳ0.1MGJG,16,1,錠,1,34.8,0,0,0,0,1,0,0,0,0,0,0,0,0,0,0,1,,20200619,99999999,2590013F1043,0,0,イミダフェナシン錠０．１ｍｇ「ＪＧ」
3,Y,622804801,20,イミダフェナシンＯＤ錠０．１ｍｇ「ＪＧ」,20,ｲﾐﾀﾞﾌｪﾅｼﾝODｼﾞｮｳ0.1MG,16,1,錠,1,34.8,0,0,0,0,1,0,0,0,0,0,0,0,0,0,0,1,,20200619,99999999,2590013F2040,0,0,イミダフェナシンＯＤ錠０．１ｍｇ「ＪＧ」
3,Y,622804901,18,レボセチリジン塩酸塩錠５ｍｇ「ＪＧ」,20,ﾚﾎﾞｾﾁﾘｼﾞﾝｴﾝｻﾝｴﾝｼﾞｮｳ5,16,1,錠,1,33,0,0,0,0,1,0,0,0,0,0,0,0,0,0,0,1,,20200619,99999999,4490028F1043,0,0,レボセチリジン塩酸塩錠５ｍｇ「ＪＧ」
3,Y,622805001,14,エゼチミブ錠１０ｍｇ「ＪＧ」,17,ｴｾﾞﾁﾐﾌﾞｼﾞｮｳ10MGJG,16,1,錠,1,63.1,0,0,0,0,1,0,0,0,0,0,0,0,0,0,0,1,,20200619,99999999,2189018F1043,0,0,エゼチミブ錠１０ｍｇ「ＪＧ」
3,Y,622805101,16,ガランタミンＯＤ錠４ｍｇ「ＪＧ」,18,ｶﾞﾗﾝﾀﾐﾝODｼﾞｮｳ4MGJG,16,1,錠,1,51.9,0,0,0,0,1,0,0,0,0,0,0,0,0,0,0,1,,20200619,99999999,1190019F4043,0,0,ガランタミンＯＤ錠４ｍｇ「ＪＧ」
3,Y,622805201,16,ガランタミンＯＤ錠８ｍｇ「ＪＧ」,18,ｶﾞﾗﾝﾀﾐﾝODｼﾞｮｳ8MGJG,16,1,錠,1,77,0,0,0,0,1,0,0,0,0,0,0,0,0,0,0,1,,20200619,99999999,1190019F5040,0,0,ガランタミンＯＤ錠８ｍｇ「ＪＧ」
3,Y,622805301,17,ガランタミンＯＤ錠１２ｍｇ「ＪＧ」,19,ｶﾞﾗﾝﾀﾐﾝODｼﾞｮｳ12MGJG,16,1,錠,1,97,0,0,0,0,1,0,0,0,0,0,0,0,0,0,0,1,,20200619,99999999,1190019F6046,0,0,ガランタミンＯＤ錠１２ｍｇ「ＪＧ」
3,Y,622805401,16,セレコキシブ錠１００ｍｇ「ＪＧ」,18,ｾﾚｺｷｼﾌﾞｼﾞｮｳ100MGJG,16,1,錠,1,19.6,0,0,0,0,1,0,0,0,0,0,0,0,0,0,0,1,,20200619,99999999,1149037F1046,0,0,セレコキシブ錠１００ｍｇ「ＪＧ」
3,Y,622805501,16,セレコキシブ錠２００ｍｇ「ＪＧ」,18,ｾﾚｺｷｼﾌﾞｼﾞｮｳ200MGJG,16,1,錠,1,30.2,0,0,0,0,1,0,0,0,0,0,0,0,0,0,0,1,,20200619,99999999,1149037F2042,0,0,セレコキシブ錠２００ｍｇ「ＪＧ」
3,Y,622805601,18,タダラフィル錠２．５ｍｇＺＡ「ＪＧ」,20,ﾀﾀﾞﾗﾌｨﾙｼﾞｮｳ2.5MGZAJG,16,1,錠,1,50.3,0,0,0,0,1,0,0,0,0,0,0,0,0,0,0,1,,20200619,99999999,2590016F1039,0,0,タダラフィル錠２．５ｍｇＺＡ「ＪＧ」
3,Y,622805701,16,タダラフィル錠５ｍｇＺＡ「ＪＧ」,18,ﾀﾀﾞﾗﾌｨﾙｼﾞｮｳ5MGZAJG,16,1,錠,1,98.2,0,0,0,0,1,0,0,0,0,0,0,0,0,0,0,1,,20200619,99999999,2590016F2035,0,0,タダラフィル錠５ｍｇＺＡ「ＪＧ」
3,Y,622805801,22,デュタステリドカプセル０．５ｍｇＡＶ「ＪＧ」,20,ﾃﾞｭﾀｽﾃﾘﾄﾞｶﾌﾟｾﾙ0.5MGA,15,4,カプセル,1,59.3,0,0,0,0,1,0,0,0,0,0,0,0,0,0,0,1,,20200619,99999999,2499011M1060,0,0,デュタステリドカプセル０．５ｍｇＡＶ「ＪＧ」
3,Y,622805901,17,ラベプラゾールＮａ錠５ｍｇ「ＪＧ」,20,ﾗﾍﾞﾌﾟﾗｿﾞｰﾙNAｼﾞｮｳ5MGJ,16,1,錠,1,18.3,0,0,0,0,1,0,0,0,0,0,0,0,0,0,0,1,,20200619,99999999,2329028F3042,0,0,ラベプラゾールＮａ錠５ｍｇ「ＪＧ」
3,Y,622806001,18,メマンチン塩酸塩ＯＤ錠５ｍｇ「ＪＧ」,20,ﾒﾏﾝﾁﾝｴﾝｻﾝｴﾝODｼﾞｮｳ5MG,16,1,錠,1,51.1,0,0,0,0,1,0,0,0,0,0,0,0,0,0,0,1,,20200619,99999999,1190018F4049,0,0,メマンチン塩酸塩ＯＤ錠５ｍｇ「ＪＧ」
3,Y,622806101,19,メマンチン塩酸塩ＯＤ錠１０ｍｇ「ＪＧ」,20,ﾒﾏﾝﾁﾝｴﾝｻﾝｴﾝODｼﾞｮｳ10M,16,1,錠,1,91.5,0,0,0,0,1,0,0,0,0,0,0,0,0,0,0,1,,20200619,99999999,1190018F5045,0,0,メマンチン塩酸塩ＯＤ錠１０ｍｇ「ＪＧ」
3,Y,622806201,19,メマンチン塩酸塩ＯＤ錠２０ｍｇ「ＪＧ」,20,ﾒﾏﾝﾁﾝｴﾝｻﾝｴﾝODｼﾞｮｳ20M,16,1,錠,1,163.6,0,0,0,0,1,0,0,0,0,0,0,0,0,0,0,1,,20200619,99999999,1190018F6041,0,0,メマンチン塩酸塩ＯＤ錠２０ｍｇ「ＪＧ」
3,Y,622806401,15,エゼチミブ錠１０ｍｇ「ニプロ」,19,ｴｾﾞﾁﾐﾌﾞｼﾞｮｳ10MGﾆﾌﾟﾛ,16,1,錠,1,63.1,0,0,0,0,1,0,0,0,0,0,0,0,0,0,0,1,,20200619,99999999,2189018F1191,0,0,エゼチミブ錠１０ｍｇ「ニプロ」
3,Y,622806501,17,セレコキシブ錠１００ｍｇ「ニプロ」,20,ｾﾚｺｷｼﾌﾞｼﾞｮｳ100MGﾆﾌﾟﾛ,16,1,錠,1,19.6,0,0,0,0,1,0,0,0,0,0,0,0,0,0,0,1,,20200619,99999999,1149037F1178,0,0,セレコキシブ錠１００ｍｇ「ニプロ」
3,Y,622806601,17,セレコキシブ錠２００ｍｇ「ニプロ」,20,ｾﾚｺｷｼﾌﾞｼﾞｮｳ200MGﾆﾌﾟﾛ,16,1,錠,1,30.2,0,0,0,0,1,0,0,0,0,0,0,0,0,0,0,1,,20200619,99999999,1149037F2174,0,0,セレコキシブ錠２００ｍｇ「ニプロ」
3,Y,622806701,18,メマンチン塩酸塩錠１０ｍｇ「ニプロ」,20,ﾒﾏﾝﾁﾝｴﾝｻﾝｴﾝｼﾞｮｳ10MGﾆ,16,1,錠,1,91.5,0,0,0,0,1,0,0,0,0,0,0,0,0,0,0,1,,20200619,99999999,1190018F2100,0,0,メマンチン塩酸塩錠１０ｍｇ「ニプロ」
3,Y,622806801,18,メマンチン塩酸塩錠２０ｍｇ「ニプロ」,20,ﾒﾏﾝﾁﾝｴﾝｻﾝｴﾝｼﾞｮｳ20MGﾆ,16,1,錠,1,163.6,0,0,0,0,1,0,0,0,0,0,0,0,0,0,0,1,,20200619,99999999,1190018F3107,0,0,メマンチン塩酸塩錠２０ｍｇ「ニプロ」
3,Y,622806901,17,メマンチン塩酸塩錠５ｍｇ「ニプロ」,20,ﾒﾏﾝﾁﾝｴﾝｻﾝｴﾝｼﾞｮｳ5MGﾆﾌ,16,1,錠,1,51.1,0,0,0,0,1,0,0,0,0,0,0,0,0,0,0,1,,20200619,99999999,1190018F1104,0,0,メマンチン塩酸塩錠５ｍｇ「ニプロ」
3,Y,622807001,20,メマンチン塩酸塩ＯＤ錠１０ｍｇ「ニプロ」,20,ﾒﾏﾝﾁﾝｴﾝｻﾝｴﾝODｼﾞｮｳ10M,16,1,錠,1,91.5,0,0,0,0,1,0,0,0,0,0,0,0,0,0,0,1,,20200619,99999999,1190018F5223,0,0,メマンチン塩酸塩ＯＤ錠１０ｍｇ「ニプロ」
3,Y,622807101,20,メマンチン塩酸塩ＯＤ錠２０ｍｇ「ニプロ」,20,ﾒﾏﾝﾁﾝｴﾝｻﾝｴﾝODｼﾞｮｳ20M,16,1,錠,1,163.6,0,0,0,0,1,0,0,0,0,0,0,0,0,0,0,1,,20200619,99999999,1190018F6220,0,0,メマンチン塩酸塩ＯＤ錠２０ｍｇ「ニプロ」
3,Y,622807201,19,メマンチン塩酸塩ＯＤ錠５ｍｇ「ニプロ」,20,ﾒﾏﾝﾁﾝｴﾝｻﾝｴﾝODｼﾞｮｳ5MG,16,1,錠,1,51.1,0,0,0,0,1,0,0,0,0,0,0,0,0,0,0,1,,20200619,99999999,1190018F4227,0,0,メマンチン塩酸塩ＯＤ錠５ｍｇ「ニプロ」
3,Y,622807301,17,メマンチン塩酸塩錠５ｍｇ「アメル」,20,ﾒﾏﾝﾁﾝｴﾝｻﾝｴﾝｼﾞｮｳ5MGｱﾒ,16,1,錠,1,51.1,0,0,0,0,1,0,0,0,0,0,0,0,0,0,0,1,,20200619,99999999,1190018F1066,0,0,メマンチン塩酸塩錠５ｍｇ「アメル」
3,Y,622807401,18,メマンチン塩酸塩錠１０ｍｇ「アメル」,20,ﾒﾏﾝﾁﾝｴﾝｻﾝｴﾝｼﾞｮｳ10MGｱ,16,1,錠,1,91.5,0,0,0,0,1,0,0,0,0,0,0,0,0,0,0,1,,20200619,99999999,1190018F2062,0,0,メマンチン塩酸塩錠１０ｍｇ「アメル」
3,Y,622807501,18,メマンチン塩酸塩錠２０ｍｇ「アメル」,20,ﾒﾏﾝﾁﾝｴﾝｻﾝｴﾝｼﾞｮｳ20MGｱ,16,1,錠,1,163.6,0,0,0,0,1,0,0,0,0,0,0,0,0,0,0,1,,20200619,99999999,1190018F3069,0,0,メマンチン塩酸塩錠２０ｍｇ「アメル」
3,Y,622807601,19,メマンチン塩酸塩ＯＤ錠５ｍｇ「アメル」,20,ﾒﾏﾝﾁﾝｴﾝｻﾝｴﾝODｼﾞｮｳ5MG,16,1,錠,1,51.1,0,0,0,0,1,0,0,0,0,0,0,0,0,0,0,1,,20200619,99999999,1190018F4103,0,0,メマンチン塩酸塩ＯＤ錠５ｍｇ「アメル」
3,Y,622807701,20,メマンチン塩酸塩ＯＤ錠１０ｍｇ「アメル」,20,ﾒﾏﾝﾁﾝｴﾝｻﾝｴﾝODｼﾞｮｳ10M,16,1,錠,1,91.5,0,0,0,0,1,0,0,0,0,0,0,0,0,0,0,1,,20200619,99999999,1190018F5100,0,0,メマンチン塩酸塩ＯＤ錠１０ｍｇ「アメル」
3,Y,622807801,20,メマンチン塩酸塩ＯＤ錠２０ｍｇ「アメル」,20,ﾒﾏﾝﾁﾝｴﾝｻﾝｴﾝODｼﾞｮｳ20M,16,1,錠,1,163.6,0,0,0,0,1,0,0,0,0,0,0,0,0,0,0,1,,20200619,99999999,1190018F6106,0,0,メマンチン塩酸塩ＯＤ錠２０ｍｇ「アメル」
3,Y,622807901,17,ガランタミンＯＤ錠４ｍｇ「アメル」,19,ｶﾞﾗﾝﾀﾐﾝODｼﾞｮｳ4MGｱﾒﾙ,16,1,錠,1,51.9,0,0,0,0,1,0,0,0,0,0,0,0,0,0,0,1,,20200619,99999999,1190019F4060,0,0,ガランタミンＯＤ錠４ｍｇ「アメル」
3,Y,622808001,17,ガランタミンＯＤ錠８ｍｇ「アメル」,19,ｶﾞﾗﾝﾀﾐﾝODｼﾞｮｳ8MGｱﾒﾙ,16,1,錠,1,77,0,0,0,0,1,0,0,0,0,0,0,0,0,0,0,1,,20200619,99999999,1190019F5066,0,0,ガランタミンＯＤ錠８ｍｇ「アメル」
3,Y,622808101,18,ガランタミンＯＤ錠１２ｍｇ「アメル」,20,ｶﾞﾗﾝﾀﾐﾝODｼﾞｮｳ12MGｱﾒﾙ,16,1,錠,1,97,0,0,0,0,1,0,0,0,0,0,0,0,0,0,0,1,,20200619,99999999,1190019F6062,0,0,ガランタミンＯＤ錠１２ｍｇ「アメル」
3,Y,622808201,15,エゼチミブ錠１０ｍｇ「アメル」,18,ｴｾﾞﾁﾐﾌﾞｼﾞｮｳ10MGｱﾒﾙ,16,1,錠,1,63.1,0,0,0,0,1,0,0,0,0,0,0,0,0,0,0,1,,20200619,99999999,2189018F1108,0,0,エゼチミブ錠１０ｍｇ「アメル」
3,Y,622808301,19,レボセチリジン塩酸塩錠５ｍｇ「アメル」,20,ﾚﾎﾞｾﾁﾘｼﾞﾝｴﾝｻﾝｴﾝｼﾞｮｳ5,16,1,錠,1,33,0,0,0,0,1,0,0,0,0,0,0,0,0,0,0,1,,20200619,99999999,4490028F1094,0,0,レボセチリジン塩酸塩錠５ｍｇ「アメル」
3,Y,622808401,24,レボセチリジン塩酸塩シロップ０．０５％「アメル」,20,ﾚﾎﾞｾﾁﾘｼﾞﾝｴﾝｻﾝｴﾝｼﾛｯﾌﾟ,36,2,ｍＬ,1,7.7,0,0,0,0,1,0,0,0,0,0,0,0,0,0,0,1,,20200619,99999999,4490028Q1044,0,0,レボセチリジン塩酸塩シロップ０．０５％「アメル」
3,Y,622808501,22,モキシフロキサシン点眼液０．５％「ニットー」,20,ﾓｷｼﾌﾛｷｻｼﾝﾃﾝｶﾞﾝｴｷ0.5%,36,2,ｍＬ,1,48.8,0,0,0,0,1,0,0,0,0,0,0,0,0,0,0,6,,20200619,99999999,1319753Q1045,0,0,モキシフロキサシン点眼液０．５％「ニットー」
3,Y,622808701,17,タダラフィル錠５ｍｇＺＡ「フソー」,19,ﾀﾀﾞﾗﾌｨﾙｼﾞｮｳ5MGZAﾌｿｰ,16,1,錠,1,98.2,0,0,0,0,1,0,0,0,0,0,0,0,0,0,0,1,,20200619,99999999,2590016F2108,0,0,タダラフィル錠５ｍｇＺＡ「フソー」
3,Y,622808801,23,デュタステリドカプセル０．５ｍｇＡＶ「フソー」,20,ﾃﾞｭﾀｽﾃﾘﾄﾞｶﾌﾟｾﾙ0.5MGA,15,4,カプセル,1,59.3,0,0,0,0,1,0,0,0,0,0,0,0,0,0,0,1,,20200619,99999999,2499011M1140,0,0,デュタステリドカプセル０．５ｍｇＡＶ「フソー」
3,Y,622808901,17,セレコキシブ錠１００ｍｇ「アメル」,19,ｾﾚｺｷｼﾌﾞｼﾞｮｳ100MGｱﾒﾙ,16,1,錠,1,19.6,0,0,0,0,1,0,0,0,0,0,0,0,0,0,0,1,,20200619,99999999,1149037F1070,0,0,セレコキシブ錠１００ｍｇ「アメル」
3,Y,622809001,17,セレコキシブ錠２００ｍｇ「アメル」,19,ｾﾚｺｷｼﾌﾞｼﾞｮｳ200MGｱﾒﾙ,16,1,錠,1,30.2,0,0,0,0,1,0,0,0,0,0,0,0,0,0,0,1,,20200619,99999999,1149037F2077,0,0,セレコキシブ錠２００ｍｇ「アメル」
3,Y,622809101,17,セレコキシブ錠１００ｍｇ「サンド」,20,ｾﾚｺｷｼﾌﾞｼﾞｮｳ100MGｻﾝﾄﾞ,16,1,錠,1,19.6,0,0,0,0,1,0,0,0,0,0,0,0,0,0,0,1,,20200619,99999999,1149037F1127,0,0,セレコキシブ錠１００ｍｇ「サンド」
3,Y,622809201,17,セレコキシブ錠２００ｍｇ「サンド」,20,ｾﾚｺｷｼﾌﾞｼﾞｮｳ200MGｻﾝﾄﾞ,16,1,錠,1,30.2,0,0,0,0,1,0,0,0,0,0,0,0,0,0,0,1,,20200619,99999999,1149037F2123,0,0,セレコキシブ錠２００ｍｇ「サンド」
3,Y,622809301,19,メマンチン塩酸塩ＯＤ錠５ｍｇ「サンド」,20,ﾒﾏﾝﾁﾝｴﾝｻﾝｴﾝODｼﾞｮｳ5MG,16,1,錠,1,51.1,0,0,0,0,1,0,0,0,0,0,0,0,0,0,0,1,,20200619,99999999,1190018F4162,0,0,メマンチン塩酸塩ＯＤ錠５ｍｇ「サンド」
3,Y,622809401,20,メマンチン塩酸塩ＯＤ錠１０ｍｇ「サンド」,20,ﾒﾏﾝﾁﾝｴﾝｻﾝｴﾝODｼﾞｮｳ10M,16,1,錠,1,91.5,0,0,0,0,1,0,0,0,0,0,0,0,0,0,0,1,,20200619,99999999,1190018F5169,0,0,メマンチン塩酸塩ＯＤ錠１０ｍｇ「サンド」
3,Y,622809501,20,メマンチン塩酸塩ＯＤ錠１５ｍｇ「サンド」,20,ﾒﾏﾝﾁﾝｴﾝｻﾝｴﾝODｼﾞｮｳ15M,16,1,錠,1,128.5,0,0,0,0,1,0,0,0,0,0,0,0,0,0,0,1,,20200619,99999999,1190018F7056,0,0,メマンチン塩酸塩ＯＤ錠１５ｍｇ「サンド」
3,Y,622809601,20,メマンチン塩酸塩ＯＤ錠２０ｍｇ「サンド」,20,ﾒﾏﾝﾁﾝｴﾝｻﾝｴﾝODｼﾞｮｳ20M,16,1,錠,1,163.6,0,0,0,0,1,0,0,0,0,0,0,0,0,0,0,1,,20200619,99999999,1190018F6165,0,0,メマンチン塩酸塩ＯＤ錠２０ｍｇ「サンド」
3,Y,622809701,15,エゼチミブ錠１０ｍｇ「サンド」,19,ｴｾﾞﾁﾐﾌﾞｼﾞｮｳ10MGｻﾝﾄﾞ,16,1,錠,1,63.1,0,0,0,0,1,0,0,0,0,0,0,0,0,0,0,1,,20200619,99999999,2189018F1140,0,0,エゼチミブ錠１０ｍｇ「サンド」
3,Y,622809801,19,タダラフィル錠２．５ｍｇＺＡ「サンド」,20,ﾀﾀﾞﾗﾌｨﾙｼﾞｮｳ2.5MGZAｻﾝ,16,1,錠,1,50.3,0,0,0,0,1,0,0,0,0,0,0,0,0,0,0,1,,20200619,99999999,2590016F1071,0,0,タダラフィル錠２．５ｍｇＺＡ「サンド」
3,Y,622809901,17,タダラフィル錠５ｍｇＺＡ「サンド」,20,ﾀﾀﾞﾗﾌｨﾙｼﾞｮｳ5MGZAｻﾝﾄﾞ,16,1,錠,1,98.2,0,0,0,0,1,0,0,0,0,0,0,0,0,0,0,1,,20200619,99999999,2590016F2078,0,0,タダラフィル錠５ｍｇＺＡ「サンド」
3,Y,622810001,19,レボセチリジン塩酸塩錠５ｍｇ「サンド」,20,ﾚﾎﾞｾﾁﾘｼﾞﾝｴﾝｻﾝｴﾝｼﾞｮｳ5,16,1,錠,1,33,0,0,0,0,1,0,0,0,0,0,0,0,0,0,0,1,,20200619,99999999,4490028F1124,0,0,レボセチリジン塩酸塩錠５ｍｇ「サンド」
3,Y,622810101,17,ガランタミンＯＤ錠４ｍｇ「ニプロ」,20,ｶﾞﾗﾝﾀﾐﾝODｼﾞｮｳ4MGﾆﾌﾟﾛ,16,1,錠,1,51.9,0,0,0,0,1,0,0,0,0,0,0,0,0,0,0,1,,20200619,99999999,1190019F4116,0,0,ガランタミンＯＤ錠４ｍｇ「ニプロ」
3,Y,622810201,17,ガランタミンＯＤ錠８ｍｇ「ニプロ」,20,ｶﾞﾗﾝﾀﾐﾝODｼﾞｮｳ8MGﾆﾌﾟﾛ,16,1,錠,1,77,0,0,0,0,1,0,0,0,0,0,0,0,0,0,0,1,,20200619,99999999,1190019F5112,0,0,ガランタミンＯＤ錠８ｍｇ「ニプロ」
3,Y,622810301,18,ガランタミンＯＤ錠１２ｍｇ「ニプロ」,20,ｶﾞﾗﾝﾀﾐﾝODｼﾞｮｳ12MGﾆﾌﾟ,16,1,錠,1,97,0,0,0,0,1,0,0,0,0,0,0,0,0,0,0,1,,20200619,99999999,1190019F6119,0,0,ガランタミンＯＤ錠１２ｍｇ「ニプロ」
3,Y,622810401,19,タダラフィル錠２．５ｍｇＺＡ「ニプロ」,20,ﾀﾀﾞﾗﾌｨﾙｼﾞｮｳ2.5MGZAﾆﾌ,16,1,錠,1,50.3,0,0,0,0,1,0,0,0,0,0,0,0,0,0,0,1,,20200619,99999999,2590016F1098,0,0,タダラフィル錠２．５ｍｇＺＡ「ニプロ」
3,Y,622810501,17,タダラフィル錠５ｍｇＺＡ「ニプロ」,20,ﾀﾀﾞﾗﾌｨﾙｼﾞｮｳ5MGZAﾆﾌﾟﾛ,16,1,錠,1,98.2,0,0,0,0,1,0,0,0,0,0,0,0,0,0,0,1,,20200619,99999999,2590016F2094,0,0,タダラフィル錠５ｍｇＺＡ「ニプロ」
3,Y,622810601,23,デュタステリドカプセル０．５ｍｇＡＶ「ニプロ」,20,ﾃﾞｭﾀｽﾃﾘﾄﾞｶﾌﾟｾﾙ0.5MGA,15,4,カプセル,1,59.3,0,0,0,0,1,0,0,0,0,0,0,0,0,0,0,1,,20200619,99999999,2499011M1132,0,0,デュタステリドカプセル０．５ｍｇＡＶ「ニプロ」
3,Y,622810701,21,レボセチリジン塩酸塩錠２．５ｍｇ「ニプロ」,20,ﾚﾎﾞｾﾁﾘｼﾞﾝｴﾝｻﾝｴﾝｼﾞｮｳ2,16,1,錠,1,25.2,0,0,0,0,1,0,0,0,0,0,0,0,0,0,0,1,,20200619,99999999,4490028F2090,0,0,レボセチリジン塩酸塩錠２．５ｍｇ「ニプロ」
3,Y,622810801,19,レボセチリジン塩酸塩錠５ｍｇ「ニプロ」,20,ﾚﾎﾞｾﾁﾘｼﾞﾝｴﾝｻﾝｴﾝｼﾞｮｳ5,16,1,錠,1,33,0,0,0,0,1,0,0,0,0,0,0,0,0,0,0,1,,20200619,99999999,4490028F1183,0,0,レボセチリジン塩酸塩錠５ｍｇ「ニプロ」
3,Y,622810901,23,ミカファンギンＮａ点滴静注用５０ｍｇ「ニプロ」,20,ﾐｶﾌｧﾝｷﾞﾝNAﾃﾝﾃｷｼﾞｮｳﾁｭ,19,1,瓶,1,2316,0,0,0,0,1,0,0,0,0,0,0,0,0,0,0,4,,20200619,99999999,6179400D1047,0,0,ミカファンギンＮａ点滴静注用５０ｍｇ「ニプロ」
3,Y,622811001,23,ミカファンギンＮａ点滴静注用７５ｍｇ「ニプロ」,20,ﾐｶﾌｧﾝｷﾞﾝNAﾃﾝﾃｷｼﾞｮｳﾁｭ,19,1,瓶,1,3307,0,0,0,0,1,0,0,0,0,0,0,0,0,0,0,4,,20200619,99999999,6179400D2043,0,0,ミカファンギンＮａ点滴静注用７５ｍｇ「ニプロ」
3,Y,622811101,32,ヘパリンＮａ透析ロック用１千Ｕ／ｍＬシリンジ５ｍＬニプロ　５千Ｕ,20,ﾍﾊﾟﾘﾝNAﾄｳｾｷﾖｳｶﾃｰﾃﾙﾛｯ,47,1,筒,1,315,0,0,0,0,0,0,0,0,0,0,0,0,0,0,0,4,,20200619,99999999,3334402P6023,0,0,ヘパリンＮａ透析用カテーテルロック用１，０００単位／ｍＬシリンジ５ｍＬ「ニプロ」
3,Y,622811201,24,レボセチリジン塩酸塩シロップ０．０５％「ニプロ」,20,ﾚﾎﾞｾﾁﾘｼﾞﾝｴﾝｻﾝｴﾝｼﾛｯﾌﾟ,36,2,ｍＬ,1,7.7,0,0,0,0,1,0,0,0,0,0,0,0,0,0,0,1,,20200619,99999999,4490028Q1079,0,0,レボセチリジン塩酸塩シロップ０．０５％「ニプロ」
3,Y,622811301,17,セレコキシブ錠１００ｍｇ「サワイ」,19,ｾﾚｺｷｼﾌﾞｼﾞｮｳ100MGｻﾜｲ,16,1,錠,1,19.6,0,0,0,0,1,0,0,0,0,0,0,0,0,0,0,1,,20200619,99999999,1149037F1119,0,0,セレコキシブ錠１００ｍｇ「サワイ」
3,Y,622811401,17,セレコキシブ錠２００ｍｇ「サワイ」,19,ｾﾚｺｷｼﾌﾞｼﾞｮｳ200MGｻﾜｲ,16,1,錠,1,30.2,0,0,0,0,1,0,0,0,0,0,0,0,0,0,0,1,,20200619,99999999,1149037F2115,0,0,セレコキシブ錠２００ｍｇ「サワイ」
3,Y,622811501,23,エルデカルシトールカプセル０．５μｇ「サワイ」,20,ｴﾙﾃﾞｶﾙｼﾄｰﾙｶﾌﾟｾﾙ0.5ﾏｲ,15,4,カプセル,1,24.9,0,0,0,0,1,0,0,0,0,0,0,0,0,0,0,1,,20200619,99999999,3112006M1030,0,0,エルデカルシトールカプセル０．５μｇ「サワイ」
3,Y,622811601,24,エルデカルシトールカプセル０．７５μｇ「サワイ」,20,ｴﾙﾃﾞｶﾙｼﾄｰﾙｶﾌﾟｾﾙ0.75ﾏ,15,4,カプセル,1,35.3,0,0,0,0,1,0,0,0,0,0,0,0,0,0,0,1,,20200619,99999999,3112006M2037,0,0,エルデカルシトールカプセル０．７５μｇ「サワイ」
3,Y,622811701,18,バゼドキシフェン錠２０ｍｇ「サワイ」,20,ﾊﾞｾﾞﾄﾞｷｼﾌｪﾝｼﾞｮｳ20MGｻ,16,1,錠,1,46.7,0,0,0,0,1,0,0,0,0,0,0,0,0,0,0,1,,20200619,99999999,3999027F1039,0,0,バゼドキシフェン錠２０ｍｇ「サワイ」
3,Y,622811801,17,メマンチン塩酸塩錠５ｍｇ「サワイ」,20,ﾒﾏﾝﾁﾝｴﾝｻﾝｴﾝｼﾞｮｳ5MGｻﾜ,16,1,錠,1,51.1,0,0,0,0,1,0,0,0,0,0,0,0,0,0,0,1,,20200619,99999999,1190018F1082,0,0,メマンチン塩酸塩錠５ｍｇ「サワイ」
3,Y,622811901,18,メマンチン塩酸塩錠１０ｍｇ「サワイ」,20,ﾒﾏﾝﾁﾝｴﾝｻﾝｴﾝｼﾞｮｳ10MGｻ,16,1,錠,1,91.5,0,0,0,0,1,0,0,0,0,0,0,0,0,0,0,1,,20200619,99999999,1190018F2089,0,0,メマンチン塩酸塩錠１０ｍｇ「サワイ」
3,Y,622812001,18,メマンチン塩酸塩錠２０ｍｇ「サワイ」,20,ﾒﾏﾝﾁﾝｴﾝｻﾝｴﾝｼﾞｮｳ20MGｻ,16,1,錠,1,163.6,0,0,0,0,1,0,0,0,0,0,0,0,0,0,0,1,,20200619,99999999,1190018F3085,0,0,メマンチン塩酸塩錠２０ｍｇ「サワイ」
3,Y,622812101,19,メマンチン塩酸塩ＯＤ錠５ｍｇ「サワイ」,20,ﾒﾏﾝﾁﾝｴﾝｻﾝｴﾝODｼﾞｮｳ5MG,16,1,錠,1,51.1,0,0,0,0,1,0,0,0,0,0,0,0,0,0,0,1,,20200619,99999999,1190018F4154,0,0,メマンチン塩酸塩ＯＤ錠５ｍｇ「サワイ」
3,Y,622812201,20,メマンチン塩酸塩ＯＤ錠１０ｍｇ「サワイ」,20,ﾒﾏﾝﾁﾝｴﾝｻﾝｴﾝODｼﾞｮｳ10M,16,1,錠,1,91.5,0,0,0,0,1,0,0,0,0,0,0,0,0,0,0,1,,20200619,99999999,1190018F5150,0,0,メマンチン塩酸塩ＯＤ錠１０ｍｇ「サワイ」
3,Y,622812301,20,メマンチン塩酸塩ＯＤ錠２０ｍｇ「サワイ」,20,ﾒﾏﾝﾁﾝｴﾝｻﾝｴﾝODｼﾞｮｳ20M,16,1,錠,1,163.6,0,0,0,0,1,0,0,0,0,0,0,0,0,0,0,1,,20200619,99999999,1190018F6157,0,0,メマンチン塩酸塩ＯＤ錠２０ｍｇ「サワイ」
3,Y,622812401,17,メマンチン塩酸塩ＤＳ２％「サワイ」,18,ﾒﾏﾝﾁﾝｴﾝｻﾝｴﾝDS2%ｻﾜｲ,33,1,ｇ,1,193.9,0,0,0,0,1,0,0,0,0,0,0,0,0,0,0,1,,20200619,99999999,1190018R1038,0,0,メマンチン塩酸塩ＤＳ２％「サワイ」
3,Y,622812501,17,ガランタミンＯＤ錠４ｍｇ「サワイ」,19,ｶﾞﾗﾝﾀﾐﾝODｼﾞｮｳ4MGｻﾜｲ,16,1,錠,1,51.9,0,0,0,0,1,0,0,0,0,0,0,0,0,0,0,1,,20200619,99999999,1190019F4078,0,0,ガランタミンＯＤ錠４ｍｇ「サワイ」
3,Y,622812601,17,ガランタミンＯＤ錠８ｍｇ「サワイ」,19,ｶﾞﾗﾝﾀﾐﾝODｼﾞｮｳ8MGｻﾜｲ,16,1,錠,1,77,0,0,0,0,1,0,0,0,0,0,0,0,0,0,0,1,,20200619,99999999,1190019F5074,0,0,ガランタミンＯＤ錠８ｍｇ「サワイ」
3,Y,622812701,18,ガランタミンＯＤ錠１２ｍｇ「サワイ」,20,ｶﾞﾗﾝﾀﾐﾝODｼﾞｮｳ12MGｻﾜｲ,16,1,錠,1,97,0,0,0,0,1,0,0,0,0,0,0,0,0,0,0,1,,20200619,99999999,1190019F6070,0,0,ガランタミンＯＤ錠１２ｍｇ「サワイ」
3,Y,622812801,15,エゼチミブ錠１０ｍｇ「サワイ」,18,ｴｾﾞﾁﾐﾌﾞｼﾞｮｳ10MGｻﾜｲ,16,1,錠,1,63.1,0,0,0,0,1,0,0,0,0,0,0,0,0,0,0,1,,20200619,99999999,2189018F1132,0,0,エゼチミブ錠１０ｍｇ「サワイ」
3,Y,622812901,23,デュタステリドカプセル０．５ｍｇＡＶ「サワイ」,20,ﾃﾞｭﾀｽﾃﾘﾄﾞｶﾌﾟｾﾙ0.5MGA,15,4,カプセル,1,59.3,0,0,0,0,1,0,0,0,0,0,0,0,0,0,0,1,,20200619,99999999,2499011M1094,0,0,デュタステリドカプセル０．５ｍｇＡＶ「サワイ」
3,Y,622813001,19,タダラフィル錠２．５ｍｇＺＡ「サワイ」,20,ﾀﾀﾞﾗﾌｨﾙｼﾞｮｳ2.5MGZAｻﾜ,16,1,錠,1,50.3,0,0,0,0,1,0,0,0,0,0,0,0,0,0,0,1,,20200619,99999999,2590016F1063,0,0,タダラフィル錠２．５ｍｇＺＡ「サワイ」
3,Y,622813101,17,タダラフィル錠５ｍｇＺＡ「サワイ」,19,ﾀﾀﾞﾗﾌｨﾙｼﾞｮｳ5MGZAｻﾜｲ,16,1,錠,1,98.2,0,0,0,0,1,0,0,0,0,0,0,0,0,0,0,1,,20200619,99999999,2590016F2060,0,0,タダラフィル錠５ｍｇＺＡ「サワイ」
3,Y,622813201,19,イミダフェナシン錠０．１ｍｇ「サワイ」,20,ｲﾐﾀﾞﾌｪﾅｼﾝｼﾞｮｳ0.1MGｻﾜ,16,1,錠,1,34.8,0,0,0,0,1,0,0,0,0,0,0,0,0,0,0,1,,20200619,99999999,2590013F1078,0,0,イミダフェナシン錠０．１ｍｇ「サワイ」
3,Y,622813301,21,イミダフェナシンＯＤ錠０．１ｍｇ「サワイ」,20,ｲﾐﾀﾞﾌｪﾅｼﾝODｼﾞｮｳ0.1MG,16,1,錠,1,34.8,0,0,0,0,1,0,0,0,0,0,0,0,0,0,0,1,,20200619,99999999,2590013F2082,0,0,イミダフェナシンＯＤ錠０．１ｍｇ「サワイ」
3,Y,622813401,18,レパグリニド錠０．２５ｍｇ「サワイ」,20,ﾚﾊﾟｸﾞﾘﾆﾄﾞｼﾞｮｳ0.25MGｻ,16,1,錠,1,12.9,0,0,0,0,1,0,0,0,0,0,0,0,0,0,0,1,,20200619,99999999,3969013F1038,0,0,レパグリニド錠０．２５ｍｇ「サワイ」
3,Y,622813501,17,レパグリニド錠０．５ｍｇ「サワイ」,20,ﾚﾊﾟｸﾞﾘﾆﾄﾞｼﾞｮｳ0.5MGｻﾜ,16,1,錠,1,23,0,0,0,0,1,0,0,0,0,0,0,0,0,0,0,1,,20200619,99999999,3969013F2034,0,0,レパグリニド錠０．５ｍｇ「サワイ」
3,Y,622813601,19,レボセチリジン塩酸塩錠５ｍｇ「サワイ」,20,ﾚﾎﾞｾﾁﾘｼﾞﾝｴﾝｻﾝｴﾝｼﾞｮｳ5,16,1,錠,1,33,0,0,0,0,1,0,0,0,0,0,0,0,0,0,0,1,,20200619,99999999,4490028F1116,0,0,レボセチリジン塩酸塩錠５ｍｇ「サワイ」
3,Y,622813701,21,レボセチリジン塩酸塩ＯＤ錠５ｍｇ「サワイ」,20,ﾚﾎﾞｾﾁﾘｼﾞﾝｴﾝｻﾝｴﾝODｼﾞｮ,16,1,錠,1,33,0,0,0,0,1,0,0,0,0,0,0,0,0,0,0,1,,20200619,99999999,4490028F4042,0,0,レボセチリジン塩酸塩ＯＤ錠５ｍｇ「サワイ」
3,Y,622813801,24,レボセチリジン塩酸塩シロップ０．０５％「サワイ」,20,ﾚﾎﾞｾﾁﾘｼﾞﾝｴﾝｻﾝｴﾝｼﾛｯﾌﾟ,36,2,ｍＬ,1,7.7,0,0,0,0,1,0,0,0,0,0,0,0,0,0,0,1,,20200619,99999999,4490028Q1052,0,0,レボセチリジン塩酸塩シロップ０．０５％「サワイ」
3,Y,622813901,18,ラベプラゾールＮａ錠５ｍｇ「サワイ」,20,ﾗﾍﾞﾌﾟﾗｿﾞｰﾙNAｼﾞｮｳ5MGｻ,16,1,錠,1,25.1,0,0,0,0,1,0,0,0,0,0,0,0,0,0,0,1,,20200619,99999999,2329028F3077,0,0,ラベプラゾールＮａ錠５ｍｇ「サワイ」
3,Y,622814001,13,プソフェキ配合錠「サワイ」,18,ﾌﾟｿﾌｪｷﾊｲｺﾞｳｼﾞｮｳｻﾜｲ,16,1,錠,1,23.4,0,0,0,0,1,0,0,0,0,0,0,0,0,0,0,1,,20200619,99999999,4490100F1030,0,0,プソフェキ配合錠「サワイ」
3,Y,622814101,19,タダラフィル錠２．５ｍｇＺＡ「フソー」,20,ﾀﾀﾞﾗﾌｨﾙｼﾞｮｳ2.5MGZAﾌｿ,16,1,錠,1,50.3,0,0,0,0,1,0,0,0,0,0,0,0,0,0,0,1,,20200619,99999999,2590016F1101,0,0,タダラフィル錠２．５ｍｇＺＡ「フソー」
3,Y,622814201,26,ミカファンギンナトリウム点滴静注用２５ｍｇ「日医工」,20,ﾐｶﾌｧﾝｷﾞﾝﾅﾄﾘｳﾑﾃﾝﾃｷｼﾞｮ,19,1,瓶,1,1271,0,0,0,0,1,0,0,0,0,0,0,0,0,0,0,4,,20200619,99999999,6179400D3031,0,0,ミカファンギンナトリウム点滴静注用２５ｍｇ「日医工」
3,Y,622814301,26,ミカファンギンナトリウム点滴静注用５０ｍｇ「日医工」,20,ﾐｶﾌｧﾝｷﾞﾝﾅﾄﾘｳﾑﾃﾝﾃｷｼﾞｮ,19,1,瓶,1,2316,0,0,0,0,1,0,0,0,0,0,0,0,0,0,0,4,,20200619,99999999,6179400D1063,0,0,ミカファンギンナトリウム点滴静注用５０ｍｇ「日医工」
3,Y,622814401,26,ミカファンギンナトリウム点滴静注用７５ｍｇ「日医工」,20,ﾐｶﾌｧﾝｷﾞﾝﾅﾄﾘｳﾑﾃﾝﾃｷｼﾞｮ,19,1,瓶,1,3307,0,0,0,0,1,0,0,0,0,0,0,0,0,0,0,4,,20200619,99999999,6179400D2060,0,0,ミカファンギンナトリウム点滴静注用７５ｍｇ「日医工」
3,Y,622814501,14,エゼチミブ錠１０ｍｇ「ＫＮ」,17,ｴｾﾞﾁﾐﾌﾞｼﾞｮｳ10MGKN,16,1,錠,1,63.1,0,0,0,0,1,0,0,0,0,0,0,0,0,0,0,1,,20200619,99999999,2189018F1060,0,0,エゼチミブ錠１０ｍｇ「ＫＮ」
3,Y,622814601,16,セレコキシブ錠１００ｍｇ「ＫＮ」,18,ｾﾚｺｷｼﾌﾞｼﾞｮｳ100MGKN,16,1,錠,1,19.6,0,0,0,0,1,0,0,0,0,0,0,0,0,0,0,1,,20200619,99999999,1149037F1054,0,0,セレコキシブ錠１００ｍｇ「ＫＮ」
3,Y,622814701,16,セレコキシブ錠２００ｍｇ「ＫＮ」,18,ｾﾚｺｷｼﾌﾞｼﾞｮｳ200MGKN,16,1,錠,1,30.2,0,0,0,0,1,0,0,0,0,0,0,0,0,0,0,1,,20200619,99999999,1149037F2050,0,0,セレコキシブ錠２００ｍｇ「ＫＮ」
3,Y,622814801,20,レボセチリジン塩酸塩錠２．５ｍｇ「ＫＮ」,20,ﾚﾎﾞｾﾁﾘｼﾞﾝｴﾝｻﾝｴﾝｼﾞｮｳ2,16,1,錠,1,25.2,0,0,0,0,1,0,0,0,0,0,0,0,0,0,0,1,,20200619,99999999,4490028F2031,0,0,レボセチリジン塩酸塩錠２．５ｍｇ「ＫＮ」
3,Y,622814901,18,レボセチリジン塩酸塩錠５ｍｇ「ＫＮ」,20,ﾚﾎﾞｾﾁﾘｼﾞﾝｴﾝｻﾝｴﾝｼﾞｮｳ5,16,1,錠,1,33,0,0,0,0,1,0,0,0,0,0,0,0,0,0,0,1,,20200619,99999999,4490028F1060,0,0,レボセチリジン塩酸塩錠５ｍｇ「ＫＮ」
3,Y,622815001,23,レボセチリジン塩酸塩シロップ０．０５％「ＫＮ」,20,ﾚﾎﾞｾﾁﾘｼﾞﾝｴﾝｻﾝｴﾝｼﾛｯﾌﾟ,36,2,ｍＬ,1,7.7,0,0,0,0,1,0,0,0,0,0,0,0,0,0,0,1,,20200619,99999999,4490028Q1036,0,0,レボセチリジン塩酸塩シロップ０．０５％「ＫＮ」
3,Y,622815101,16,メマンチン塩酸塩錠５ｍｇ「ＫＮ」,20,ﾒﾏﾝﾁﾝｴﾝｻﾝｴﾝｼﾞｮｳ5MGKN,16,1,錠,1,51.1,0,0,0,0,1,0,0,0,0,0,0,0,0,0,0,1,,20200619,99999999,1190018F1058,0,0,メマンチン塩酸塩錠５ｍｇ「ＫＮ」
3,Y,622815201,17,メマンチン塩酸塩錠１０ｍｇ「ＫＮ」,20,ﾒﾏﾝﾁﾝｴﾝｻﾝｴﾝｼﾞｮｳ10MGK,16,1,錠,1,91.5,0,0,0,0,1,0,0,0,0,0,0,0,0,0,0,1,,20200619,99999999,1190018F2054,0,0,メマンチン塩酸塩錠１０ｍｇ「ＫＮ」
3,Y,622815301,17,メマンチン塩酸塩錠２０ｍｇ「ＫＮ」,20,ﾒﾏﾝﾁﾝｴﾝｻﾝｴﾝｼﾞｮｳ20MGK,16,1,錠,1,163.6,0,0,0,0,1,0,0,0,0,0,0,0,0,0,0,1,,20200619,99999999,1190018F3050,0,0,メマンチン塩酸塩錠２０ｍｇ「ＫＮ」
3,Y,622815401,18,メマンチン塩酸塩ＯＤ錠５ｍｇ「ＫＮ」,20,ﾒﾏﾝﾁﾝｴﾝｻﾝｴﾝODｼﾞｮｳ5MG,16,1,錠,1,51.1,0,0,0,0,1,0,0,0,0,0,0,0,0,0,0,1,,20200619,99999999,1190018F4065,0,0,メマンチン塩酸塩ＯＤ錠５ｍｇ「ＫＮ」
3,Y,622815501,19,メマンチン塩酸塩ＯＤ錠１０ｍｇ「ＫＮ」,20,ﾒﾏﾝﾁﾝｴﾝｻﾝｴﾝODｼﾞｮｳ10M,16,1,錠,1,91.5,0,0,0,0,1,0,0,0,0,0,0,0,0,0,0,1,,20200619,99999999,1190018F5061,0,0,メマンチン塩酸塩ＯＤ錠１０ｍｇ「ＫＮ」
3,Y,622815601,19,メマンチン塩酸塩ＯＤ錠２０ｍｇ「ＫＮ」,20,ﾒﾏﾝﾁﾝｴﾝｻﾝｴﾝODｼﾞｮｳ20M,16,1,錠,1,163.6,0,0,0,0,1,0,0,0,0,0,0,0,0,0,0,1,,20200619,99999999,1190018F6068,0,0,メマンチン塩酸塩ＯＤ錠２０ｍｇ「ＫＮ」
3,Y,622815801,21,ラベプラゾールナトリウム錠５ｍｇ「サンド」,20,ﾗﾍﾞﾌﾟﾗｿﾞｰﾙﾅﾄﾘｳﾑｼﾞｮｳ5,16,1,錠,1,18.3,0,0,0,0,1,0,0,0,0,0,0,0,0,0,0,1,,20200619,99999999,2329028F3182,0,0,ラベプラゾールナトリウム錠５ｍｇ「サンド」
3,Y,622815901,21,デフェラシロクス顆粒分包９０ｍｇ「サンド」,20,ﾃﾞﾌｪﾗｼﾛｸｽｶﾘｭｳﾌﾞﾝﾎﾟｳ9,18,1,包,1,535.9,0,0,0,0,1,0,0,0,0,0,0,0,0,0,0,1,,20200619,99999999,3929008D1030,0,0,デフェラシロクス顆粒分包９０ｍｇ「サンド」
3,Y,622816001,22,デフェラシロクス顆粒分包３６０ｍｇ「サンド」,20,ﾃﾞﾌｪﾗｼﾛｸｽｶﾘｭｳﾌﾞﾝﾎﾟｳ3,18,1,包,1,2133.4,0,0,0,0,1,0,0,0,0,0,0,0,0,0,0,1,,20200619,99999999,3929008D2037,0,0,デフェラシロクス顆粒分包３６０ｍｇ「サンド」
3,Y,622816102,22,デュタステリドカプセル０．５ｍｇＡＶ「ＴＣ」,20,ﾃﾞｭﾀｽﾃﾘﾄﾞｶﾌﾟｾﾙ0.5MGA,15,4,カプセル,1,59.3,0,0,0,0,1,0,0,0,0,0,0,0,0,0,0,1,,20200619,99999999,2499011M1078,0,0,デュタステリドカプセル０．５ｍｇＡＶ「ＴＣ」
3,Y,622816201,19,タダラフィル錠２．５ｍｇＺＡ「あすか」,20,ﾀﾀﾞﾗﾌｨﾙｼﾞｮｳ2.5MGZAｱｽ,16,1,錠,1,50.3,0,0,0,0,1,0,0,0,0,0,0,0,0,0,0,1,,20200619,99999999,2590016F1047,0,0,タダラフィル錠２．５ｍｇＺＡ「あすか」
3,Y,622816301,17,タダラフィル錠５ｍｇＺＡ「あすか」,19,ﾀﾀﾞﾗﾌｨﾙｼﾞｮｳ5MGZAｱｽｶ,16,1,錠,1,98.2,0,0,0,0,1,0,0,0,0,0,0,0,0,0,0,1,,20200619,99999999,2590016F2043,0,0,タダラフィル錠５ｍｇＺＡ「あすか」
3,Y,622816401,12,アルタット静注用７５ｍｇ,18,ｱﾙﾀｯﾄｼﾞｮｳﾁｭｳﾖｳ75MG,19,1,瓶,1,191,0,0,0,0,0,0,0,0,0,1,0,0,0,0,0,4,,20200619,99999999,2325403D2022,0,0,アルタット静注用７５ｍｇ
3,Y,622816501,17,ラベプラゾールＮａ錠５ｍｇ「ＡＡ」,20,ﾗﾍﾞﾌﾟﾗｿﾞｰﾙNAｼﾞｮｳ5MGA,16,1,錠,1,25.1,0,0,0,0,1,0,0,0,0,0,0,0,0,0,0,1,,20200619,99999999,2329028F3034,0,0,ラベプラゾールＮａ錠５ｍｇ「ＡＡ」
3,Y,622816601,18,ブデホル吸入粉末剤３０吸入「ニプロ」,20,ﾌﾞﾃﾞﾎﾙｷｭｳﾆｭｳﾌﾝﾏﾂｻﾞｲ3,51,3,キット,1,1137,0,0,0,0,1,0,0,0,0,0,0,0,0,0,0,6,,20200619,99999999,2290801G1053,0,0,ブデホル吸入粉末剤３０吸入「ニプロ」
3,Y,622816701,18,ブデホル吸入粉末剤６０吸入「ニプロ」,20,ﾌﾞﾃﾞﾎﾙｷｭｳﾆｭｳﾌﾝﾏﾂｻﾞｲ6,51,3,キット,1,2135.9,0,0,0,0,1,0,0,0,0,0,0,0,0,0,0,6,,20200619,99999999,2290801G2050,0,0,ブデホル吸入粉末剤６０吸入「ニプロ」
3,Y,622816801,20,ラベプラゾールナトリウム錠５ｍｇ「科研」,20,ﾗﾍﾞﾌﾟﾗｿﾞｰﾙﾅﾄﾘｳﾑｼﾞｮｳ5,16,1,錠,1,25.1,0,0,0,0,1,0,0,0,0,0,0,0,0,0,0,1,,20200619,99999999,2329028F3166,0,0,ラベプラゾールナトリウム錠５ｍｇ「科研」
3,Y,622816901,15,ブロナンセリン散２％「サワイ」,15,ﾌﾞﾛﾅﾝｾﾘﾝｻﾝ2%ｻﾜｲ,33,1,ｇ,1,223.7,0,0,0,0,1,0,0,0,0,0,0,0,0,0,0,1,,20200619,99999999,1179048B1050,0,0,ブロナンセリン散２％「サワイ」
3,Y,622817001,32,ロキソプロフェンＮａパップ１００ｍｇ「ラクール」　１０×１４ｃｍ,20,ﾛｷｿﾌﾟﾛﾌｪﾝNAﾊﾟｯﾌﾟ100M,6,1,枚,1,17.1,0,0,0,0,1,0,0,0,0,0,0,0,0,0,0,6,,20200619,99999999,2649735S1176,0,0,ロキソプロフェンＮａパップ１００ｍｇ「ラクール」
3,Y,622817101,22,レボセチリジン塩酸塩錠２．５ｍｇ「日本臓器」,20,ﾚﾎﾞｾﾁﾘｼﾞﾝｴﾝｻﾝｴﾝｼﾞｮｳ2,16,1,錠,1,25.2,0,0,0,0,1,0,0,0,0,0,0,0,0,0,0,1,,20200619,99999999,4490028F2082,0,0,レボセチリジン塩酸塩錠２．５ｍｇ「日本臓器」
3,Y,622817201,20,レボセチリジン塩酸塩錠５ｍｇ「日本臓器」,20,ﾚﾎﾞｾﾁﾘｼﾞﾝｴﾝｻﾝｴﾝｼﾞｮｳ5,16,1,錠,1,33,0,0,0,0,1,0,0,0,0,0,0,0,0,0,0,1,,20200619,99999999,4490028F1175,0,0,レボセチリジン塩酸塩錠５ｍｇ「日本臓器」
3,Y,622817301,30,トコフェロールニコチン酸エステルカプセル２００ｍｇ「ホリイ」,20,ﾄｺﾌｪﾛｰﾙﾆｺﾁﾝｻﾝｴｽﾃﾙｶﾌﾟ,15,4,カプセル,1,5.7,0,0,0,0,1,0,0,0,0,0,0,0,0,0,0,1,,20200619,99999999,2190006M2250,0,0,トコフェロールニコチン酸エステルカプセル２００ｍｇ「ホリイ」
3,Y,622817401,20,メマンチン塩酸塩ＯＤ錠５ｍｇ「クラシエ」,20,ﾒﾏﾝﾁﾝｴﾝｻﾝｴﾝODｼﾞｮｳ5MG,16,1,錠,1,51.1,0,0,0,0,1,0,0,0,0,0,0,0,0,0,0,1,,20200619,99999999,1190018F4138,0,0,メマンチン塩酸塩ＯＤ錠５ｍｇ「クラシエ」
3,Y,622817501,18,メマンチン塩酸塩ＯＤ錠５ｍｇ「ＺＥ」,20,ﾒﾏﾝﾁﾝｴﾝｻﾝｴﾝODｼﾞｮｳ5MG,16,1,錠,1,51.1,0,0,0,0,1,0,0,0,0,0,0,0,0,0,0,1,,20200619,99999999,1190018F4090,0,0,メマンチン塩酸塩ＯＤ錠５ｍｇ「ＺＥ」
3,Y,622817601,21,メマンチン塩酸塩ＯＤ錠１０ｍｇ「クラシエ」,20,ﾒﾏﾝﾁﾝｴﾝｻﾝｴﾝODｼﾞｮｳ10M,16,1,錠,1,91.5,0,0,0,0,1,0,0,0,0,0,0,0,0,0,0,1,,20200619,99999999,1190018F5134,0,0,メマンチン塩酸塩ＯＤ錠１０ｍｇ「クラシエ」
3,Y,622817701,19,メマンチン塩酸塩ＯＤ錠１０ｍｇ「ＺＥ」,20,ﾒﾏﾝﾁﾝｴﾝｻﾝｴﾝODｼﾞｮｳ10M,16,1,錠,1,91.5,0,0,0,0,1,0,0,0,0,0,0,0,0,0,0,1,,20200619,99999999,1190018F5096,0,0,メマンチン塩酸塩ＯＤ錠１０ｍｇ「ＺＥ」
3,Y,622817801,21,メマンチン塩酸塩ＯＤ錠１５ｍｇ「クラシエ」,20,ﾒﾏﾝﾁﾝｴﾝｻﾝｴﾝODｼﾞｮｳ15M,16,1,錠,1,128.5,0,0,0,0,1,0,0,0,0,0,0,0,0,0,0,1,,20200619,99999999,1190018F7030,0,0,メマンチン塩酸塩ＯＤ錠１５ｍｇ「クラシエ」
3,Y,622817901,21,メマンチン塩酸塩ＯＤ錠２０ｍｇ「クラシエ」,20,ﾒﾏﾝﾁﾝｴﾝｻﾝｴﾝODｼﾞｮｳ20M,16,1,錠,1,163.6,0,0,0,0,1,0,0,0,0,0,0,0,0,0,0,1,,20200619,99999999,1190018F6130,0,0,メマンチン塩酸塩ＯＤ錠２０ｍｇ「クラシエ」
3,Y,622818001,19,メマンチン塩酸塩ＯＤ錠２０ｍｇ「ＺＥ」,20,ﾒﾏﾝﾁﾝｴﾝｻﾝｴﾝODｼﾞｮｳ20M,16,1,錠,1,163.6,0,0,0,0,1,0,0,0,0,0,0,0,0,0,0,1,,20200619,99999999,1190018F6092,0,0,メマンチン塩酸塩ＯＤ錠２０ｍｇ「ＺＥ」
3,Y,622818101,32,ガドテル酸メグルミン静注３８％シリンジ１０ｍＬＧＥ３７．６９５％,20,ｶﾞﾄﾞﾃﾙｻﾝﾒｸﾞﾙﾐﾝｼﾞｮｳﾁｭ,47,1,筒,1,2217,0,0,0,0,1,0,0,1,0,0,0,0,0,0,0,4,,20200619,99999999,7290411G1049,0,0,ガドテル酸メグルミン静注３８％シリンジ１０ｍＬ「ＧＥ」
3,Y,622818201,32,ガドテル酸メグルミン静注３８％シリンジ１１ｍＬＧＥ３７．６９５％,20,ｶﾞﾄﾞﾃﾙｻﾝﾒｸﾞﾙﾐﾝｼﾞｮｳﾁｭ,47,1,筒,1,2381,0,0,0,0,1,0,0,1,0,0,0,0,0,0,0,4,,20200619,99999999,7290411G4030,0,0,ガドテル酸メグルミン静注３８％シリンジ１１ｍＬ「ＧＥ」
3,Y,622818301,32,ガドテル酸メグルミン静注３８％シリンジ１３ｍＬＧＥ３７．６９５％,20,ｶﾞﾄﾞﾃﾙｻﾝﾒｸﾞﾙﾐﾝｼﾞｮｳﾁｭ,47,1,筒,1,2699,0,0,0,0,1,0,0,1,0,0,0,0,0,0,0,4,,20200619,99999999,7290411G5036,0,0,ガドテル酸メグルミン静注３８％シリンジ１３ｍＬ「ＧＥ」
3,Y,622818401,32,ガドテル酸メグルミン静注３８％シリンジ１５ｍＬＧＥ３７．６９５％,20,ｶﾞﾄﾞﾃﾙｻﾝﾒｸﾞﾙﾐﾝｼﾞｮｳﾁｭ,47,1,筒,1,3005,0,0,0,0,1,0,0,1,0,0,0,0,0,0,0,4,,20200619,99999999,7290411G2045,0,0,ガドテル酸メグルミン静注３８％シリンジ１５ｍＬ「ＧＥ」
3,Y,622818501,32,ガドテル酸メグルミン静注３８％シリンジ２０ｍＬＧＥ３７．６９５％,20,ｶﾞﾄﾞﾃﾙｻﾝﾒｸﾞﾙﾐﾝｼﾞｮｳﾁｭ,47,1,筒,1,3732,0,0,0,0,1,0,0,1,20,0,0,0,0,0,0,4,,20200619,99999999,7290411G3041,0,0,ガドテル酸メグルミン静注３８％シリンジ２０ｍＬ「ＧＥ」
3,Y,622818701,22,ミカファンギンＮａ点滴静注用５０ｍｇ「明治」,20,ﾐｶﾌｧﾝｷﾞﾝNAﾃﾝﾃｷｼﾞｮｳﾁｭ,19,1,瓶,1,2316,0,0,0,0,1,0,0,0,0,0,0,0,0,0,0,4,,20200619,99999999,6179400D1055,0,0,ミカファンギンＮａ点滴静注用５０ｍｇ「明治」
3,Y,622818801,22,ミカファンギンＮａ点滴静注用７５ｍｇ「明治」,20,ﾐｶﾌｧﾝｷﾞﾝNAﾃﾝﾃｷｼﾞｮｳﾁｭ,19,1,瓶,1,3307,0,0,0,0,1,0,0,0,0,0,0,0,0,0,0,4,,20200619,99999999,6179400D2051,0,0,ミカファンギンＮａ点滴静注用７５ｍｇ「明治」
3,Y,622818901,15,メサラジン注腸１ｇ「ケンエー」,18,ﾒｻﾗｼﾞﾝﾁｭｳﾁｮｳ1Gｹﾝｴｰ,10,1,個,1,467.7,0,0,0,0,1,0,0,0,0,0,0,0,0,0,0,6,,20200619,99999999,2399715X1040,0,0,メサラジン注腸１ｇ「ケンエー」
5,Y,660453026,,,,,,,,,,,,,,,,,,,,,,,,,,,20200619,,,,20210331,